pt,proyek,tahun,kegiatan,sub_kegiatan,rincian,total_hektar,satuan_rencana,satuan_target,target_biaya,target_rp_satuan,total_target_rp_ha,target_rp_ha_realisasi,realisasi_biaya,realisasi_fisik,realisasi_rp_ha,capaian_fisik,capaian_biaya
PT. Buana Karya Bhakti,Replanting BKB Inti,2026,Tanam Baru,Pembukaan Lahan,Identifikasi Blok,192.08,192.08,192.08,7160190.7874,37277.12821,96177264.24,,,,0.0,,
PT. Buana Karya Bhakti,Replanting BKB Inti,2026,Tanam Baru,Pembukaan Lahan,Tumbang Chipping,192.08,192.08,192.08,1988320284.0,10351521.68,96177264.24,10351521.68,1270275301.0,159.31,7973606.811,82.93940025,63.88685521
PT. Buana Karya Bhakti,Replanting BKB Inti,2026,Tanam Baru,Pembukaan Lahan,Pemberantasan Lalang & Gulma Lainnya,192.08,192.08,192.08,69784788.0,363311.0579,96177264.24,,,,0.0,,
PT. Buana Karya Bhakti,Replanting BKB Inti,2026,Tanam Baru,Pembukaan Lahan,Penyemprotan Pasar Rintis,192.08,140.98,140.98,76291985.0,541154.6673,96177264.24,,,,0.0,,
PT. Buana Karya Bhakti,Replanting BKB Inti,2026,Tanam Baru,Pembukaan Lahan,Pengolahan Tanah/Ripping,192.08,175.16,175.16,1157444506.411216,6607927.075,96177264.24,6607927.075,385131246.0,132.42000000000002,2908406.932,75.59945193,33.2742731
PT. Buana Karya Bhakti,Replanting BKB Inti,2026,Tanam Baru,Pembuatan Sarana & Prasarana,Pembuatan Parit Cect,192.08,140.98,140.98,2112071981.0,14981358.92,96177264.24,14981358.92,777436523.5,57.56,13506541.41,40.82848631,36.80918693
PT. Buana Karya Bhakti,Replanting BKB Inti,2026,Tanam Baru,Pembuatan Sarana & Prasarana,Kontur Teras,192.08,11.1,11.1,232085194.0,20908576.04,96177264.24,,,,0.0,,
PT. Buana Karya Bhakti,Replanting BKB Inti,2026,Tanam Baru,Pemeliharaan Awal,Tanam Kacangan - Semai Kacangan,192.08,192.08,192.08,390473256.0,2032867.847,96177264.24,2032867.847,6900048.0,23.676470588235293,291430.5988,12.32635912,1.767098743
PT. Buana Karya Bhakti,Replanting BKB Inti,2026,Tanam Baru,Pemeliharaan Awal,Tanam Kacangan,192.08,192.08,192.08,258243612.0,1344458.621,96177264.24,1344458.621,12077565.69,10.875735294117646,1110505.668,5.662086263,4.676811014
PT. Buana Karya Bhakti,Replanting BKB Inti,2026,Tanam Baru,Pemeliharaan Awal,Pemeliharaan Kacangan,192.08,1152.48,1152.48,859222936.0,745542.6003,96177264.24,745542.6003,1346400.0,5.689558823529413,236644.0073,0.4936796147,0.1566997276
PT. Buana Karya Bhakti,Replanting BKB Inti,2026,Tanam Baru,Pemeliharaan Awal,Memancang,192.08,192.08,192.08,88665196.0,461605.5602,96177264.24,461605.5602,17507050.0,56.6,309311.8375,29.4668888,19.74512073
PT. Buana Karya Bhakti,Replanting BKB Inti,2026,Tanam Baru,Pemeliharaan Awal,Melobang Dan Pupuk Lobang,192.08,192.08,192.08,416024381.0,2165891.196,96177264.24,2165891.196,13485820.5,29.022058823529413,464674.8386,15.10936007,3.24159379
PT. Buana Karya Bhakti,Replanting BKB Inti,2026,Tanam Baru,Pemeliharaan Awal,Melubang Mekanis,192.08,192.08,192.08,352708069.0,1836256.086,96177264.24,1836256.086,25928900.0,37.9485294117647,683264.9487,19.75662714,7.351377039
PT. Buana Karya Bhakti,Replanting BKB Inti,2026,Tanam Baru,Pemeliharaan Awal,Penanaman Sawit,192.08,192.08,192.08,1607860681.0,8370786.552,96177264.24,8370786.552,271167299.63,29.022058823529413,9343489.422,15.10936007,16.86509925
PT. Buana Karya Bhakti,Replanting BKB Inti,2026,Tanam Baru,Pemeliharaan Awal,Phpt,192.08,385.689,385.689,34179371.0,88618.99354,96177264.24,88618.99354,333202.25,,0.0,,0.97486361
PT. Buana Karya Bhakti,Replanting BKB Inti,2026,Tanam Baru,Pemeliharaan Awal,Konsolidasi Pokok,192.08,28.812,28.812,20927540.0,726348.0494,96177264.24,,,,0.0,,
PT. Buana Karya Bhakti,Replanting BKB Inti,2026,Tanam Baru,Pemeliharaan Awal,Pemeliharaan Parit Primer & Sekunder,192.08,6345.0,6345.0,104539239.0,16475.84539,96177264.24,16475.84539,88681404.0,3310.0,26791.96495,52.16706068,84.83073423
PT. Buana Karya Bhakti,Replanting BKB Inti,2026,Tanam Baru,Pemeliharaan Awal,Anorganik Urea,192.08,192.08,192.08,31464495.0,163809.3242,96177264.24,,,,0.0,,
PT. Buana Karya Bhakti,Replanting BKB Inti,2026,Tanam Baru,Pemeliharaan Awal,Angkutan (Intern/Ekstern),192.08,52.298,52.298,7207454.0,137815.0981,96177264.24,137815.0981,164150.0,,0.0,,2.277503263
PT. Buana Karya Bhakti,Replanting BKB Inti,2026,Tanam Baru,Pemeliharaan Awal,Pemupukkan Kacangan Anorganik,192.08,576.24,576.24,146273264.0,253840.8719,96177264.24,,,,0.0,,
PT. Buana Karya Bhakti,Replanting BKB Inti,2026,Tanam Baru,Pemeliharaan Awal,Pengawasan,192.08,2304.96,2304.96,254841640.0,110562.2831,96177264.24,110562.2831,68160190.0,768.32,88713.28353,33.33333333,26.74609612
PT. Buana Karya Bhakti,Replanting BKB Inti,2026,Tanam Baru,Pemeliharaan Awal,Administrasi,192.08,2304.96,2304.96,72610168.0,31501.70415,96177264.24,,,,0.0,,
PT. Buana Karya Bhakti,Replanting BKB Inti,2027,TBM 1,Pembuatan Piringan & Titi Pasar Rintis,Pembuatan Piringan,192.08,,192.08,76597996.18101752,,96177264.24,,,,0.0,,
PT. Buana Karya Bhakti,Replanting BKB Inti,2027,TBM 1,Pembuatan Piringan & Titi Pasar Rintis,Pembuatan Titi Pasar Rintis,192.08,,192.08,39256572.60151199,,96177264.24,,,,0.0,,
PT. Buana Karya Bhakti,Replanting BKB Inti,2027,TBM 1,Pemeliharaan Piringan Gawangan Manual & Chemist,Pemeliharaan Piringan Manual,192.08,,192.08,76578268.30551292,,96177264.24,,,,0.0,,
PT. Buana Karya Bhakti,Replanting BKB Inti,2027,TBM 1,Pemeliharaan Piringan Gawangan Manual & Chemist,Pemeliharaan Piringan /Pasar Rintis(Chemist),192.08,,192.08,29516605.46478394,,96177264.24,,,,0.0,,
PT. Buana Karya Bhakti,Replanting BKB Inti,2027,TBM 1,Pemeliharaan Piringan Gawangan Manual & Chemist,Pemeliharaan Gawangan Manual,192.08,,192.08,153093404.16935778,,96177264.24,,,,0.0,,
PT. Buana Karya Bhakti,Replanting BKB Inti,2027,TBM 1,Pemeliharaan Piringan Gawangan Manual & Chemist,Pemeliharaan Gawangan Chemist,192.08,,192.08,28884795.04008394,,96177264.24,,,,0.0,,
PT. Buana Karya Bhakti,Replanting BKB Inti,2027,TBM 1,Pemberantasan Lalang,Spot Lalang,192.08,,192.08,24162279.030089553,,96177264.24,,,,0.0,,
PT. Buana Karya Bhakti,Replanting BKB Inti,2027,TBM 1,Pemberantasan Lalang,Wipping,192.08,,192.08,48881412.54812656,,96177264.24,,,,0.0,,
PT. Buana Karya Bhakti,Replanting BKB Inti,2027,TBM 1,Pemberantasan Lalang,Transport Air,192.08,,192.08,16771024.95264,,96177264.24,,,,0.0,,
PT. Buana Karya Bhakti,Replanting BKB Inti,2027,TBM 1,Pemeliharaan Pokok,Penyisipan,192.08,,192.08,64138248.39929373,,96177264.24,,,,0.0,,
PT. Buana Karya Bhakti,Replanting BKB Inti,2027,TBM 1,Pemeliharaan Pokok,Konsolidasi,192.08,,192.08,55408068.44498353,,96177264.24,,,,0.0,,
PT. Buana Karya Bhakti,Replanting BKB Inti,2027,TBM 1,Pemeliharaan Pokok,Survey dan Sensus,192.08,,192.08,12329085.4472016,,96177264.24,,,,0.0,,
PT. Buana Karya Bhakti,Replanting BKB Inti,2027,TBM 1,Pengawetan Tanah,Tapak Kuda,192.08,,192.08,69138805.5551424,,96177264.24,,,,0.0,,
PT. Buana Karya Bhakti,Replanting BKB Inti,2027,TBM 1,Pengawetan Tanah,Tapak Timbun,192.08,,192.08,69138805.5551424,,96177264.24,,,,0.0,,
PT. Buana Karya Bhakti,Replanting BKB Inti,2027,TBM 1,Pengendalian Hama dan Penyakit,Hama Tikus,192.08,,192.08,49610580.96203999,,96177264.24,,,,0.0,,
PT. Buana Karya Bhakti,Replanting BKB Inti,2027,TBM 1,Pengendalian Hama dan Penyakit,Hama Ulat Api,192.08,,192.08,3448080.8433015533,,96177264.24,,,,0.0,,
PT. Buana Karya Bhakti,Replanting BKB Inti,2027,TBM 1,Pengendalian Hama dan Penyakit,Hama (Oryctes),192.08,,192.08,106084030.23293607,,96177264.24,,,,0.0,,
PT. Buana Karya Bhakti,Replanting BKB Inti,2027,TBM 1,Pemupukkan Kelapa Sawit,"Pemupukkan NPK 12-12-17-2+0,65B",192.08,,192.08,625895570.705271,,96177264.24,,,,0.0,,
PT. Buana Karya Bhakti,Replanting BKB Inti,2027,TBM 1,Pemupukkan Kelapa Sawit,Pemupukkan Dolomite,192.08,,192.08,104243363.58587088,,96177264.24,,,,0.0,,
PT. Buana Karya Bhakti,Replanting BKB Inti,2027,TBM 1,Pemupukkan Kelapa Sawit,Pemupukkan Borate,192.08,,192.08,19029669.43099152,,96177264.24,,,,0.0,,
PT. Buana Karya Bhakti,Replanting BKB Inti,2027,TBM 1,Pemupukkan Kelapa Sawit,Pengangkutan Pupuk Intern,192.08,,192.08,9070148.18068996,,96177264.24,,,,0.0,,
PT. Buana Karya Bhakti,Replanting BKB Inti,2027,TBM 1,Pemupukkan Kelapa Sawit,Pengangkutan Pupuk Ekstern,192.08,,192.08,3636098.3162649604,,96177264.24,,,,0.0,,
PT. Buana Karya Bhakti,Replanting BKB Inti,2027,TBM 1,Pengawasan dan Administrasi,Pengawasan,192.08,,192.08,76288368.2729616,,96177264.24,,,,0.0,,
PT. Buana Karya Bhakti,Replanting BKB Inti,2027,TBM 1,Pengawasan dan Administrasi,Administrasi,192.08,,192.08,22367397.9693024,,96177264.24,,,,0.0,,
PT. Buana Karya Bhakti,Replanting BKB Inti,2028,TBM 2,Pemeliharaan Piringan Gawangan Manual & Chemist,Pemeliharaan Piringan Manual,192.08,,192.08,81551022.25386997,,96177264.24,,,,0.0,,
PT. Buana Karya Bhakti,Replanting BKB Inti,2028,TBM 2,Pemeliharaan Piringan Gawangan Manual & Chemist,Pemeliharaan Piringan /Pasar Rintis(Chemist),192.08,,192.08,113571095.08651495,,96177264.24,,,,0.0,,
PT. Buana Karya Bhakti,Replanting BKB Inti,2028,TBM 2,Pemeliharaan Piringan Gawangan Manual & Chemist,Pemeliharaan Gawangan Manual,192.08,,192.08,130550684.30447668,,96177264.24,,,,0.0,,
PT. Buana Karya Bhakti,Replanting BKB Inti,2028,TBM 2,Pemeliharaan Piringan Gawangan Manual & Chemist,Pemeliharaan Gawangan Chemist,192.08,,192.08,105809214.33679591,,96177264.24,,,,0.0,,
PT. Buana Karya Bhakti,Replanting BKB Inti,2028,TBM 2,Pemberantasan Lalang,Spot Lalang,192.08,,192.08,25652169.512068965,,96177264.24,,,,0.0,,
PT. Buana Karya Bhakti,Replanting BKB Inti,2028,TBM 2,Pemberantasan Lalang,Wipping,192.08,,192.08,48090994.94483544,,96177264.24,,,,0.0,,
PT. Buana Karya Bhakti,Replanting BKB Inti,2028,TBM 2,Pemberantasan Lalang,Transport Air,192.08,,192.08,17609576.200272,,96177264.24,,,,0.0,,
PT. Buana Karya Bhakti,Replanting BKB Inti,2028,TBM 2,Pemeliharaan Pokok,Kastrasi,192.08,,192.08,195849357.15175337,,96177264.24,,,,0.0,,
PT. Buana Karya Bhakti,Replanting BKB Inti,2028,TBM 2,Pemeliharaan Pokok,Penyisipan,192.08,,192.08,45074612.71515455,,96177264.24,,,,0.0,,
PT. Buana Karya Bhakti,Replanting BKB Inti,2028,TBM 2,Pemeliharaan Pokok,Survey dan Sensus,192.08,,192.08,32619596.88856176,,96177264.24,,,,0.0,,
PT. Buana Karya Bhakti,Replanting BKB Inti,2028,TBM 2,Pengendalian Hama dan Penyakit,Hama Tikus,192.08,,192.08,52777414.32999084,,96177264.24,,,,0.0,,
PT. Buana Karya Bhakti,Replanting BKB Inti,2028,TBM 2,Pengendalian Hama dan Penyakit,Hama Ulat Api,192.08,,192.08,2457942.891964124,,96177264.24,,,,0.0,,
PT. Buana Karya Bhakti,Replanting BKB Inti,2028,TBM 2,Pengendalian Hama dan Penyakit,Hama (Oryctes),192.08,,192.08,128258419.09577155,,96177264.24,,,,0.0,,
PT. Buana Karya Bhakti,Replanting BKB Inti,2028,TBM 2,Pemupukkan Kelapa Sawit,"Pemupukkan NPK 12-12-17-2+0,65B",192.08,,192.08,835719728.6636814,,96177264.24,,,,0.0,,
PT. Buana Karya Bhakti,Replanting BKB Inti,2028,TBM 2,Pemupukkan Kelapa Sawit,Pemupukkan Dolomite,192.08,,192.08,97842103.88375624,,96177264.24,,,,0.0,,
PT. Buana Karya Bhakti,Replanting BKB Inti,2028,TBM 2,Pemupukkan Kelapa Sawit,Pemupukkan Borate,192.08,,192.08,30016684.40013102,,96177264.24,,,,0.0,,
PT. Buana Karya Bhakti,Replanting BKB Inti,2028,TBM 2,Pemupukkan Kelapa Sawit,Janjang Kosong,192.08,,192.08,326474692.3385171,,96177264.24,,,,0.0,,
PT. Buana Karya Bhakti,Replanting BKB Inti,2028,TBM 2,Pemupukkan Kelapa Sawit,Pengangkutan Pupuk Intern,192.08,,192.08,13681341.003544733,,96177264.24,,,,0.0,,
PT. Buana Karya Bhakti,Replanting BKB Inti,2028,TBM 2,Pemupukkan Kelapa Sawit,Pengangkutan Pupuk Ekstern,192.08,,192.08,5351748.877746431,,96177264.24,,,,0.0,,
PT. Buana Karya Bhakti,Replanting BKB Inti,2028,TBM 2,Pengawasan dan Administrasi,Pengawasan,192.08,,192.08,81200873.59836784,,96177264.24,,,,0.0,,
PT. Buana Karya Bhakti,Replanting BKB Inti,2028,TBM 2,Pengawasan dan Administrasi,Administrasi,192.08,,192.08,23760289.59570706,,96177264.24,,,,0.0,,
PT. Buana Karya Bhakti,Replanting BKB Inti,2029,TBM 3,"Pembuatan TPH, Pemeliharaan Piringan Gawangan Manual & Chemist",Pembuatan TPH,192.08,,192.08,4679836.720792602,,96177264.24,,,,0.0,,
PT. Buana Karya Bhakti,Replanting BKB Inti,2029,TBM 3,"Pembuatan TPH, Pemeliharaan Piringan Gawangan Manual & Chemist",Pemeliharaan Piringan Manual,192.08,,192.08,86846763.53429516,,96177264.24,,,,0.0,,
PT. Buana Karya Bhakti,Replanting BKB Inti,2029,TBM 3,"Pembuatan TPH, Pemeliharaan Piringan Gawangan Manual & Chemist",Pemeliharaan Piringan /Pasar Rintis(Chemist),192.08,,192.08,125059021.8423933,,96177264.24,,,,0.0,,
PT. Buana Karya Bhakti,Replanting BKB Inti,2029,TBM 3,"Pembuatan TPH, Pemeliharaan Piringan Gawangan Manual & Chemist",Pemeliharaan Pasar Rintis Manual,192.08,,192.08,173540111.7725297,,96177264.24,,,,0.0,,
PT. Buana Karya Bhakti,Replanting BKB Inti,2029,TBM 3,"Pembuatan TPH, Pemeliharaan Piringan Gawangan Manual & Chemist",Pemeliharaan Gawangan Manual,192.08,,192.08,139027322.7880712,,96177264.24,,,,0.0,,
PT. Buana Karya Bhakti,Replanting BKB Inti,2029,TBM 3,"Pembuatan TPH, Pemeliharaan Piringan Gawangan Manual & Chemist",Pemeliharaan Gawangan Chemist,192.08,,192.08,109299434.67315714,,96177264.24,,,,0.0,,
PT. Buana Karya Bhakti,Replanting BKB Inti,2029,TBM 3,Pemberantasan Lalang,Wipping,192.08,,192.08,51095728.701988816,,96177264.24,,,,0.0,,
PT. Buana Karya Bhakti,Replanting BKB Inti,2029,TBM 3,Pemberantasan Lalang,Transport Air,192.08,,192.08,18490055.010285605,,96177264.24,,,,0.0,,
PT. Buana Karya Bhakti,Replanting BKB Inti,2029,TBM 3,Pemeliharaan Pokok,Sanitasi,192.08,,192.08,69312727.94981347,,96177264.24,,,,0.0,,
PT. Buana Karya Bhakti,Replanting BKB Inti,2029,TBM 3,Pemeliharaan Pokok,Kastrasi,192.08,,192.08,34760913.568649516,,96177264.24,,,,0.0,,
PT. Buana Karya Bhakti,Replanting BKB Inti,2029,TBM 3,Pemeliharaan Pokok,Survey dan Sensus,192.08,,192.08,34737852.80008252,,96177264.24,,,,0.0,,
PT. Buana Karya Bhakti,Replanting BKB Inti,2029,TBM 3,Pemeliharaan Prasarana,Jalan Utama / Jalan Akses,192.08,,192.08,120943041.8353185,,96177264.24,,,,0.0,,
PT. Buana Karya Bhakti,Replanting BKB Inti,2029,TBM 3,Pemeliharaan Prasarana,Jalan Produksi,192.08,,192.08,176103929.03278434,,96177264.24,,,,0.0,,
PT. Buana Karya Bhakti,Replanting BKB Inti,2029,TBM 3,Pemeliharaan Prasarana,Jalan Koleksi,192.08,,192.08,9940521.03150718,,96177264.24,,,,0.0,,
PT. Buana Karya Bhakti,Replanting BKB Inti,2029,TBM 3,Pemeliharaan Prasarana,Jalan Pringgan / Ring,192.08,,192.08,157028971.31727907,,96177264.24,,,,0.0,,
PT. Buana Karya Bhakti,Replanting BKB Inti,2029,TBM 3,Pemeliharaan Prasarana,Jalan Liung,192.08,,192.08,31043155.157796763,,96177264.24,,,,0.0,,
PT. Buana Karya Bhakti,Replanting BKB Inti,2029,TBM 3,Pemeliharaan Prasarana,Jembatan Permanen,192.08,,192.08,253783444.3670123,,96177264.24,,,,0.0,,
PT. Buana Karya Bhakti,Replanting BKB Inti,2029,TBM 3,Pemeliharaan Prasarana,Gorong-gorong 40 cm,192.08,,192.08,8610502.583007913,,96177264.24,,,,0.0,,
PT. Buana Karya Bhakti,Replanting BKB Inti,2029,TBM 3,Pemeliharaan Prasarana,Gorong-gorong 60 CM,192.08,,192.08,4572709.810458142,,96177264.24,,,,0.0,,
PT. Buana Karya Bhakti,Replanting BKB Inti,2029,TBM 3,Pemeliharaan Prasarana,Gorong-gorong 80 CM,192.08,,192.08,3007163.886274886,,96177264.24,,,,0.0,,
PT. Buana Karya Bhakti,Replanting BKB Inti,2029,TBM 3,Pengendalian Hama dan Penyakit,Hama Tikus,192.08,,192.08,56147199.14712939,,96177264.24,,,,0.0,,
PT. Buana Karya Bhakti,Replanting BKB Inti,2029,TBM 3,Pengendalian Hama dan Penyakit,Hama Ulat Api,192.08,,192.08,2610849.2370579108,,96177264.24,,,,0.0,,
PT. Buana Karya Bhakti,Replanting BKB Inti,2029,TBM 3,Pengendalian Hama dan Penyakit,Hama (Oryctes),192.08,,192.08,271724307.8060898,,96177264.24,,,,0.0,,
PT. Buana Karya Bhakti,Replanting BKB Inti,2029,TBM 3,Pemupukkan Kelapa Sawit,"Pemupukkan NPK 12-12-17-2+0,65B",192.08,,192.08,1029921061.7770617,,96177264.24,,,,0.0,,
PT. Buana Karya Bhakti,Replanting BKB Inti,2029,TBM 3,Pemupukkan Kelapa Sawit,Pemupukkan Dolomite,192.08,,192.08,129305803.58188692,,96177264.24,,,,0.0,,
PT. Buana Karya Bhakti,Replanting BKB Inti,2029,TBM 3,Pemupukkan Kelapa Sawit,Pemupukkan Borate,192.08,,192.08,31080140.894195795,,96177264.24,,,,0.0,,
PT. Buana Karya Bhakti,Replanting BKB Inti,2029,TBM 3,Pemupukkan Kelapa Sawit,Janjang Kosong,192.08,,192.08,736145784.9834945,,96177264.24,,,,0.0,,
PT. Buana Karya Bhakti,Replanting BKB Inti,2029,TBM 3,Pemupukkan Kelapa Sawit,Pengangkutan Pupuk Intern,192.08,,192.08,19796360.311779965,,96177264.24,,,,0.0,,
PT. Buana Karya Bhakti,Replanting BKB Inti,2029,TBM 3,Pemupukkan Kelapa Sawit,Pengangkutan Pupuk Ekstern,192.08,,192.08,7554675.131598046,,96177264.24,,,,0.0,,
PT. Buana Karya Bhakti,Replanting BKB Inti,2029,TBM 3,Pengawasan dan Administrasi,Pengawasan,192.08,,192.08,86430379.83930863,,96177264.24,,,,0.0,,
PT. Buana Karya Bhakti,Replanting BKB Inti,2029,TBM 3,Pengawasan dan Administrasi,Administrasi,192.08,,192.08,25240669.715748012,,96177264.24,,,,0.0,,
PT. Buana Karya Bhakti,Reklamasi BKB Inti,2026,Tanam Baru,Pembukaan Lahan,Identifikasi Blok,271.27,271.27,271.27,10112167.0551,37277.13,158717902.0,,,,0.0,,
PT. Buana Karya Bhakti,Reklamasi BKB Inti,2026,Tanam Baru,Pembukaan Lahan,Imas,271.27,271.27,271.27,4044866.8220399995,14910.852,158717902.0,,,,0.0,,
PT. Buana Karya Bhakti,Reklamasi BKB Inti,2026,Tanam Baru,Pembukaan Lahan,Pemberantasan Lalang & Gulma Lainnya,271.27,271.27,271.27,98555390.95797561,363311.0589,158717902.0,,,,0.0,,
PT. Buana Karya Bhakti,Reklamasi BKB Inti,2026,Tanam Baru,Pembukaan Lahan,Reklamasi Lahan,271.27,271.27,271.27,13548064735.465385,49943099.99,158717902.0,49943099.99,2174081213.2599998,75.88,28651571.08,27.97213109,16.04717172
PT. Buana Karya Bhakti,Reklamasi BKB Inti,2026,Tanam Baru,Pembuatan Sarana & Prasarana,Pembuatan Jln Utama,271.27,271.27,271.27,116111399.6,428028.8996,158717902.0,428028.8996,6133500.0,,0.0,,5.282427067
PT. Buana Karya Bhakti,Reklamasi BKB Inti,2026,Tanam Baru,Pembuatan Sarana & Prasarana,Pembuatan Jln Koleksi,271.27,271.27,271.27,201799074.89,743904.873,158717902.0,743904.873,102515846.74000001,,0.0,,50.8009498
PT. Buana Karya Bhakti,Reklamasi BKB Inti,2026,Tanam Baru,Pembuatan Sarana & Prasarana,Pembuatan Jbtn Permanen,271.27,271.27,271.27,376804488.90320003,1389038.555,158717902.0,1389038.555,187784623.85,,0.0,,49.8360899
PT. Buana Karya Bhakti,Reklamasi BKB Inti,2026,Tanam Baru,Pembuatan Sarana & Prasarana,Pembuatan Parit Tersier,271.27,271.27,271.27,68722638.68298668,253336.6708,158717902.0,253336.6708,55360261.0,,0.0,,80.55607593
PT. Buana Karya Bhakti,Reklamasi BKB Inti,2026,Tanam Baru,Pembuatan Sarana & Prasarana,Tapak Kuda/Teras Individu,271.27,271.27,271.27,1082650960.0,3991045.674,158717902.0,,,,0.0,,
PT. Buana Karya Bhakti,Reklamasi BKB Inti,2026,Tanam Baru,Pembuatan Sarana & Prasarana,Kontur Teras,271.27,271.27,271.27,3765839563.0,13882255.92,158717902.0,13882255.92,299200.0,,0.0,,0.007945107459
PT. Buana Karya Bhakti,Reklamasi BKB Inti,2026,Tanam Baru,Pembuatan Sarana & Prasarana,Tapak Timbun,271.27,271.27,271.27,184672293.0,680769.3184,158717902.0,680769.3184,35474204.93,,0.0,,19.20927301
PT. Buana Karya Bhakti,Reklamasi BKB Inti,2026,Tanam Baru,Pemeliharaan Awal,Tanam Kacangan - Semai Kacangan,271.27,271.27,271.27,549133689.0,2024306.739,158717902.0,2024306.739,81689863.25,,0.0,,14.87613397
PT. Buana Karya Bhakti,Reklamasi BKB Inti,2026,Tanam Baru,Pemeliharaan Awal,Tanam Kacangan,271.27,271.27,271.27,364711290.0,1344458.621,158717902.0,1344458.621,35796867.96,,0.0,,9.815124714
PT. Buana Karya Bhakti,Reklamasi BKB Inti,2026,Tanam Baru,Pemeliharaan Awal,Pemeliharaan Kacangan,271.27,271.27,271.27,1213460046.6119998,4473255.6,158717902.0,4473255.6,0.0,0.0,0.0,0.0,0.0
PT. Buana Karya Bhakti,Reklamasi BKB Inti,2026,Tanam Baru,Pemeliharaan Awal,Memancang,271.27,271.27,271.27,125219740.26119998,461605.56,158717902.0,461605.56,19119754.0,56.28,339725.5508,20.74685737,15.26896156
PT. Buana Karya Bhakti,Reklamasi BKB Inti,2026,Tanam Baru,Pemeliharaan Awal,Melobang Dan Pupuk Lobang,271.27,271.27,271.27,256777216.3967575,946574.3223,158717902.0,946574.3223,77372075.35,0.0,0.0,0.0,30.13198618
PT. Buana Karya Bhakti,Reklamasi BKB Inti,2026,Tanam Baru,Pemeliharaan Awal,Melubang Mekanis,271.27,271.27,271.27,335987019.0728644,1238570.498,158717902.0,1238570.498,2806123.22,0.0,0.0,0.0,0.8351879866
PT. Buana Karya Bhakti,Reklamasi BKB Inti,2026,Tanam Baru,Pemeliharaan Awal,Penanaman Sawit,271.27,271.27,271.27,2173899878.77485,8013786.555,158717902.0,8013786.555,552616176.1,50.470588235294116,10949271.55,18.60529665,25.42049804
PT. Buana Karya Bhakti,Reklamasi BKB Inti,2026,Tanam Baru,Pemeliharaan Awal,Pengawetan Tanah Titik Tanam,271.27,271.27,271.27,2332411214.8881187,8598117.06,158717902.0,8598117.06,190562919.48000002,0.0,0.0,0.0,8.170211079
PT. Buana Karya Bhakti,Reklamasi BKB Inti,2026,Tanam Baru,Pemeliharaan Awal,Phpt,271.27,271.27,271.27,88874908.0,327625.2737,158717902.0,327625.2737,0.0,0.0,0.0,0.0,0.0
PT. Buana Karya Bhakti,Reklamasi BKB Inti,2026,Tanam Baru,Pemeliharaan Awal,Konsolidasi Pokok,271.27,271.27,271.27,31530331.477799993,116232.2833,158717902.0,116232.2833,8358306.0,0.0,0.0,0.0,26.50877935
PT. Buana Karya Bhakti,Reklamasi BKB Inti,2026,Tanam Baru,Pemeliharaan Awal,Pemeliharaan Parit Primer & Sekunder,271.27,271.27,271.27,73226675.4632,269940.1904,158717902.0,269940.1904,69634933.94,0.0,0.0,0.0,95.09503675
PT. Buana Karya Bhakti,Reklamasi BKB Inti,2026,Tanam Baru,Pemeliharaan Awal,Anorganik Urea,271.27,271.27,271.27,44436555.5520595,163809.3249,158717902.0,163809.3249,7901087.5,50.81,155502.6078,18.73041619,17.78060293
PT. Buana Karya Bhakti,Reklamasi BKB Inti,2026,Tanam Baru,Pemeliharaan Awal,Abu Boiler,271.27,271.27,271.27,80243805.24742714,295807.886,158717902.0,295807.886,8310657.0,32.205882352941174,258047.7973,11.87226098,10.35675835
PT. Buana Karya Bhakti,Reklamasi BKB Inti,2026,Tanam Baru,Pemeliharaan Awal,Angkutan (Intern/Ekstern),271.27,271.27,271.27,8571343.0,31597.09146,158717902.0,31597.09146,3199185.54,0.0,0.0,0.0,37.32420392
PT. Buana Karya Bhakti,Reklamasi BKB Inti,2026,Tanam Baru,Pemeliharaan Awal,Pemupukkan Kacangan Anorganik,271.27,271.27,271.27,206578239.25292426,761522.6131,158717902.0,761522.6131,0.0,0.0,0.0,0.0,0.0
PT. Buana Karya Bhakti,Reklamasi BKB Inti,2026,Tanam Baru,Pemeliharaan Awal,Pengawasan,271.27,271.27,271.27,268618843.11876,990226.8703,158717902.0,990226.8703,131799370.66999999,135.635,971720.9472,50.0,49.06557155
PT. Buana Karya Bhakti,Reklamasi BKB Inti,2026,Tanam Baru,Pemeliharaan Awal,Administrasi,271.27,271.27,271.27,102545606.92896,378020.448,158717902.0,378020.448,0.0,0.0,0.0,0.0,0.0
PT. Buana Karya Bhakti,Reklamasi BKB Inti,2027,TBM 1,Pembuatan Piringan & Titi Pasar Rintis,Pembuatan Piringan,271.27,,271.27,108177521.9909653,,158717902.0,,,,0.0,,
PT. Buana Karya Bhakti,Reklamasi BKB Inti,2027,TBM 1,Pembuatan Piringan & Titi Pasar Rintis,Pembuatan Titi Pasar Rintis,271.27,,271.27,55441120.624803,,158717902.0,,,,0.0,,
PT. Buana Karya Bhakti,Reklamasi BKB Inti,2027,TBM 1,Pemeliharaan Piringan Gawangan Manual & Chemist,Pemeliharaan Piringan Manual,271.27,,271.27,108149660.78319705,,158717902.0,,,,0.0,,
PT. Buana Karya Bhakti,Reklamasi BKB Inti,2027,TBM 1,Pemeliharaan Piringan Gawangan Manual & Chemist,Pemeliharaan Piringan /Pasar Rintis(Chemist),271.27,,271.27,41685597.48246532,,158717902.0,,,,0.0,,
PT. Buana Karya Bhakti,Reklamasi BKB Inti,2027,TBM 1,Pemeliharaan Piringan Gawangan Manual & Chemist,Pemeliharaan Gawangan Manual,271.27,,271.27,216210161.12568548,,158717902.0,,,,0.0,,
PT. Buana Karya Bhakti,Reklamasi BKB Inti,2027,TBM 1,Pemeliharaan Piringan Gawangan Manual & Chemist,Pemeliharaan Gawangan Chemist,271.27,,271.27,40793306.69785282,,158717902.0,,,,0.0,,
PT. Buana Karya Bhakti,Reklamasi BKB Inti,2027,TBM 1,Pemberantasan Lalang,Spot Lalang,271.27,,271.27,34123810.040047854,,158717902.0,,,,0.0,,
PT. Buana Karya Bhakti,Reklamasi BKB Inti,2027,TBM 1,Pemberantasan Lalang,Wipping,271.27,,271.27,69034052.38406022,,158717902.0,,,,0.0,,
PT. Buana Karya Bhakti,Reklamasi BKB Inti,2027,TBM 1,Pemberantasan Lalang,Transport Air,271.27,,271.27,23685318.29916,,158717902.0,,,,0.0,,
PT. Buana Karya Bhakti,Reklamasi BKB Inti,2027,TBM 1,Pemeliharaan Pokok,Penyisipan,271.27,,271.27,150968195.91903034,,158717902.0,,,,0.0,,
PT. Buana Karya Bhakti,Reklamasi BKB Inti,2027,TBM 1,Pemeliharaan Pokok,Konsolidasi,271.27,,271.27,78251492.74818137,,158717902.0,,,,0.0,,
PT. Buana Karya Bhakti,Reklamasi BKB Inti,2027,TBM 1,Pemeliharaan Pokok,Survey dan Sensus,271.27,,271.27,17412073.1427654,,158717902.0,,,,0.0,,
PT. Buana Karya Bhakti,Reklamasi BKB Inti,2027,TBM 1,Pemeliharaan Prasarana,Pengerasan Jalan Utama,271.27,,271.27,553346860.3790374,,158717902.0,,,,0.0,,
PT. Buana Karya Bhakti,Reklamasi BKB Inti,2027,TBM 1,Pemeliharaan Prasarana,Pengerasan Jalan Koleksi,271.27,,271.27,3069398866.8504043,,158717902.0,,,,0.0,,
PT. Buana Karya Bhakti,Reklamasi BKB Inti,2027,TBM 1,Pengawetan Tanah,Tapak Kuda,271.27,,271.27,97643085.0840456,,158717902.0,,,,0.0,,
PT. Buana Karya Bhakti,Reklamasi BKB Inti,2027,TBM 1,Pengawetan Tanah,Tapak Timbun,271.27,,271.27,97643085.0840456,,158717902.0,,,,0.0,,
PT. Buana Karya Bhakti,Reklamasi BKB Inti,2027,TBM 1,Pengendalian Hama dan Penyakit,Hama Tikus,271.27,,271.27,70063839.533385,,158717902.0,,,,0.0,,
PT. Buana Karya Bhakti,Reklamasi BKB Inti,2027,TBM 1,Pengendalian Hama dan Penyakit,Hama Ulat Api,271.27,,271.27,3268094.724226583,,158717902.0,,,,0.0,,
PT. Buana Karya Bhakti,Reklamasi BKB Inti,2027,TBM 1,Pengendalian Hama dan Penyakit,Hama (Oryctes),271.27,,271.27,149321384.12512654,,158717902.0,,,,0.0,,
PT. Buana Karya Bhakti,Reklamasi BKB Inti,2027,TBM 1,Pemupukkan Kelapa Sawit,"Pemupukkan NPK 12-12-17-2+0,65B",271.27,,271.27,883937377.4740673,,158717902.0,,,,0.0,,
PT. Buana Karya Bhakti,Reklamasi BKB Inti,2027,TBM 1,Pemupukkan Kelapa Sawit,Pemupukkan Dolomite,271.27,,271.27,147220414.6185922,,158717902.0,,,,0.0,,
PT. Buana Karya Bhakti,Reklamasi BKB Inti,2027,TBM 1,Pemupukkan Kelapa Sawit,Pemupukkan Borate,271.27,,271.27,26875147.99325838,,158717902.0,,,,0.0,,
PT. Buana Karya Bhakti,Reklamasi BKB Inti,2027,TBM 1,Pemupukkan Kelapa Sawit,Janjang Kosong,271.27,,271.27,469229338.7455965,,158717902.0,,,,0.0,,
PT. Buana Karya Bhakti,Reklamasi BKB Inti,2027,TBM 1,Pemupukkan Kelapa Sawit,Aplikasi Abu Boiler,271.27,,271.27,24823576.9328911,,158717902.0,,,,0.0,,
PT. Buana Karya Bhakti,Reklamasi BKB Inti,2027,TBM 1,Pemupukkan Kelapa Sawit,Pengangkutan Pupuk Intern,271.27,,271.27,12842955.520857807,,158717902.0,,,,0.0,,
PT. Buana Karya Bhakti,Reklamasi BKB Inti,2027,TBM 1,Pemupukkan Kelapa Sawit,Pengangkutan Pupuk Ekstern,271.27,,271.27,5148565.162879681,,158717902.0,,,,0.0,,
PT. Buana Karya Bhakti,Reklamasi BKB Inti,2027,TBM 1,Pengawasan dan Administrasi,Pengawasan,271.27,,271.27,142126271.995221,,158717902.0,,,,0.0,,
PT. Buana Karya Bhakti,Reklamasi BKB Inti,2027,TBM 1,Pengawasan dan Administrasi,Administrasi,271.27,,271.27,31588942.352835596,,158717902.0,,,,0.0,,
PT. Buana Karya Bhakti,Reklamasi BKB Inti,2028,TBM 2,Pemeliharaan Piringan Gawangan Manual & Chemist,Pemeliharaan Piringan Manual,271.27,,271.27,115172562.50940911,,158717902.0,,,,0.0,,
PT. Buana Karya Bhakti,Reklamasi BKB Inti,2028,TBM 2,Pemeliharaan Piringan Gawangan Manual & Chemist,Pemeliharaan Piringan /Pasar Rintis(Chemist),271.27,,271.27,166693880.08961877,,158717902.0,,,,0.0,,
PT. Buana Karya Bhakti,Reklamasi BKB Inti,2028,TBM 2,Pemeliharaan Piringan Gawangan Manual & Chemist,Pemeliharaan Gawangan Manual,271.27,,271.27,184373615.84379104,,158717902.0,,,,0.0,,
PT. Buana Karya Bhakti,Reklamasi BKB Inti,2028,TBM 2,Pemeliharaan Piringan Gawangan Manual & Chemist,Pemeliharaan Gawangan Chemist,271.27,,271.27,149431828.2650074,,158717902.0,,,,0.0,,
PT. Buana Karya Bhakti,Reklamasi BKB Inti,2028,TBM 2,Pemberantasan Lalang,Spot Lalang,271.27,,271.27,36227946.811427265,,158717902.0,,,,0.0,,
PT. Buana Karya Bhakti,Reklamasi BKB Inti,2028,TBM 2,Pemberantasan Lalang,Wipping,271.27,,271.27,67917764.46629272,,158717902.0,,,,0.0,,
PT. Buana Karya Bhakti,Reklamasi BKB Inti,2028,TBM 2,Pemberantasan Lalang,Transport Air,271.27,,271.27,24869584.214118,,158717902.0,,,,0.0,,
PT. Buana Karya Bhakti,Reklamasi BKB Inti,2028,TBM 2,Pemeliharaan Pokok,Kastrasi,271.27,,271.27,276593373.1495009,,158717902.0,,,,0.0,,
PT. Buana Karya Bhakti,Reklamasi BKB Inti,2028,TBM 2,Pemeliharaan Pokok,Penyisipan,271.27,,271.27,63657799.82944593,,158717902.0,,,,0.0,,
PT. Buana Karya Bhakti,Reklamasi BKB Inti,2028,TBM 2,Pemeliharaan Pokok,Survey dan Sensus,271.27,,271.27,46067878.21720193,,158717902.0,,,,0.0,,
PT. Buana Karya Bhakti,Reklamasi BKB Inti,2028,TBM 2,Pengendalian Hama dan Penyakit,Hama Tikus,271.27,,271.27,74536282.72228557,,158717902.0,,,,0.0,,
PT. Buana Karya Bhakti,Reklamasi BKB Inti,2028,TBM 2,Pengendalian Hama dan Penyakit,Hama Ulat Api,271.27,,271.27,3471294.087375613,,158717902.0,,,,0.0,,
PT. Buana Karya Bhakti,Reklamasi BKB Inti,2028,TBM 2,Pengendalian Hama dan Penyakit,Hama (Oryctes),271.27,,271.27,299767435.08444655,,158717902.0,,,,0.0,,
PT. Buana Karya Bhakti,Reklamasi BKB Inti,2028,TBM 2,Pemupukkan Kelapa Sawit,"Pemupukkan NPK 12-12-17-2+0,65B",271.27,,271.27,1180267028.293403,,158717902.0,,,,0.0,,
PT. Buana Karya Bhakti,Reklamasi BKB Inti,2028,TBM 2,Pemupukkan Kelapa Sawit,Pemupukkan Dolomite,271.27,,271.27,138180068.30771843,,158717902.0,,,,0.0,,
PT. Buana Karya Bhakti,Reklamasi BKB Inti,2028,TBM 2,Pemupukkan Kelapa Sawit,Pemupukkan Borate,271.27,,271.27,42391847.0284441,,158717902.0,,,,0.0,,
PT. Buana Karya Bhakti,Reklamasi BKB Inti,2028,TBM 2,Pemupukkan Kelapa Sawit,Janjang Kosong,271.27,,271.27,461072416.6527985,,158717902.0,,,,0.0,,
PT. Buana Karya Bhakti,Reklamasi BKB Inti,2028,TBM 2,Pemupukkan Kelapa Sawit,Aplikasi Abu Boiler,271.27,,271.27,26431951.812991396,,158717902.0,,,,0.0,,
PT. Buana Karya Bhakti,Reklamasi BKB Inti,2028,TBM 2,Pemupukkan Kelapa Sawit,Pengangkutan Pupuk Intern,271.27,,271.27,19321831.39333392,,158717902.0,,,,0.0,,
PT. Buana Karya Bhakti,Reklamasi BKB Inti,2028,TBM 2,Pemupukkan Kelapa Sawit,Pengangkutan Pupuk Ekstern,271.27,,271.27,7558147.220253407,,158717902.0,,,,0.0,,
PT. Buana Karya Bhakti,Reklamasi BKB Inti,2028,TBM 2,Pengawasan dan Administrasi,Pengawasan,271.27,,271.27,142204790.3469307,,158717902.0,,,,0.0,,
PT. Buana Karya Bhakti,Reklamasi BKB Inti,2028,TBM 2,Pengawasan dan Administrasi,Administrasi,271.27,,271.27,33556089.95536991,,158717902.0,,,,0.0,,
PT. Buana Karya Bhakti,Reklamasi BKB Inti,2029,TBM 3,"Pembuatan TPH, Pemeliharaan Piringan Gawangan Manual & Chemist",Pembuatan TPH,271.27,,271.27,6609221.716208919,,158717902.0,,,,0.0,,
PT. Buana Karya Bhakti,Reklamasi BKB Inti,2029,TBM 3,"Pembuatan TPH, Pemeliharaan Piringan Gawangan Manual & Chemist",Pemeliharaan Piringan Manual,271.27,,271.27,122651611.53659019,,158717902.0,,,,0.0,,
PT. Buana Karya Bhakti,Reklamasi BKB Inti,2029,TBM 3,"Pembuatan TPH, Pemeliharaan Piringan Gawangan Manual & Chemist",Pemeliharaan Piringan /Pasar Rintis(Chemist),271.27,,271.27,176617872.00742415,,158717902.0,,,,0.0,,
PT. Buana Karya Bhakti,Reklamasi BKB Inti,2029,TBM 3,"Pembuatan TPH, Pemeliharaan Piringan Gawangan Manual & Chemist",Pemeliharaan Pasar Rintis Manual,271.27,,271.27,245086558.31181863,,158717902.0,,,,0.0,,
PT. Buana Karya Bhakti,Reklamasi BKB Inti,2029,TBM 3,"Pembuatan TPH, Pemeliharaan Piringan Gawangan Manual & Chemist",Pemeliharaan Gawangan Manual,271.27,,271.27,196344970.0787176,,158717902.0,,,,0.0,,
PT. Buana Karya Bhakti,Reklamasi BKB Inti,2029,TBM 3,"Pembuatan TPH, Pemeliharaan Piringan Gawangan Manual & Chemist",Pemeliharaan Gawangan Chemist,271.27,,271.27,154360983.15174574,,158717902.0,,,,0.0,,
PT. Buana Karya Bhakti,Reklamasi BKB Inti,2029,TBM 3,Pemberantasan Lalang,Wipping,271.27,,271.27,72161278.24338038,,158717902.0,,,,0.0,,
PT. Buana Karya Bhakti,Reklamasi BKB Inti,2029,TBM 3,Pemberantasan Lalang,Transport Air,271.27,,271.27,26113063.424823903,,158717902.0,,,,0.0,,
PT. Buana Karya Bhakti,Reklamasi BKB Inti,2029,TBM 3,Pemeliharaan Pokok,Sanitasi,271.27,,271.27,97888711.53137183,,158717902.0,,,,0.0,,
PT. Buana Karya Bhakti,Reklamasi BKB Inti,2029,TBM 3,Pemeliharaan Pokok,Kastrasi,271.27,,271.27,49092008.6618469,,158717902.0,,,,0.0,,
PT. Buana Karya Bhakti,Reklamasi BKB Inti,2029,TBM 3,Pemeliharaan Pokok,Survey dan Sensus,271.27,,271.27,49059440.48874628,,158717902.0,,,,0.0,,
PT. Buana Karya Bhakti,Reklamasi BKB Inti,2029,TBM 3,Pengendalian Hama dan Penyakit,Hama Tikus,271.27,,271.27,79295349.3994262,,158717902.0,,,,0.0,,
PT. Buana Karya Bhakti,Reklamasi BKB Inti,2029,TBM 3,Pengendalian Hama dan Penyakit,Hama Ulat Api,271.27,,271.27,3687240.069433045,,158717902.0,,,,0.0,,
PT. Buana Karya Bhakti,Reklamasi BKB Inti,2029,TBM 3,Pengendalian Hama dan Penyakit,Hama (Oryctes),271.27,,271.27,770667144.8886039,,158717902.0,,,,0.0,,
PT. Buana Karya Bhakti,Reklamasi BKB Inti,2029,TBM 3,Pemupukkan Kelapa Sawit,"Pemupukkan NPK 12-12-17-2+0,65B",271.27,,271.27,1454532936.4236958,,158717902.0,,,,0.0,,
PT. Buana Karya Bhakti,Reklamasi BKB Inti,2029,TBM 3,Pemupukkan Kelapa Sawit,Pemupukkan Dolomite,271.27,,271.27,182615500.50842595,,158717902.0,,,,0.0,,
PT. Buana Karya Bhakti,Reklamasi BKB Inti,2029,TBM 3,Pemupukkan Kelapa Sawit,Pemupukkan Borate,271.27,,271.27,43893741.25556274,,158717902.0,,,,0.0,,
PT. Buana Karya Bhakti,Reklamasi BKB Inti,2029,TBM 3,Pemupukkan Kelapa Sawit,Janjang Kosong,271.27,,271.27,1098273068.3019373,,158717902.0,,,,0.0,,
PT. Buana Karya Bhakti,Reklamasi BKB Inti,2029,TBM 3,Pemupukkan Kelapa Sawit,Aplikasi Abu Boiler,271.27,,271.27,28337499.88071953,,158717902.0,,,,0.0,,
PT. Buana Karya Bhakti,Reklamasi BKB Inti,2029,TBM 3,Pemupukkan Kelapa Sawit,Pengangkutan Pupuk Intern,271.27,,271.27,27957927.22707491,,158717902.0,,,,0.0,,
PT. Buana Karya Bhakti,Reklamasi BKB Inti,2029,TBM 3,Pemupukkan Kelapa Sawit,Pengangkutan Pupuk Ekstern,271.27,,271.27,10669287.395609127,,158717902.0,,,,0.0,,
PT. Buana Karya Bhakti,Reklamasi BKB Inti,2029,TBM 3,Pengawasan dan Administrasi,Pengawasan,271.27,,271.27,122063562.78118102,,158717902.0,,,,0.0,,
PT. Buana Karya Bhakti,Reklamasi BKB Inti,2029,TBM 3,Pengawasan dan Administrasi,Administrasi,271.27,,271.27,35646795.469548956,,158717902.0,,,,0.0,,
PT. Fass Forest Development,Reklamasi FFD Inti,2026,Tanam Baru,Pembukaan Lahan,Identifikasi Blok,45.36,45.36,45.36,1690890.6168,37277.13,125914732.9,37277.13,0.0,0.0,0.0,0.0,0.0
PT. Fass Forest Development,Reklamasi FFD Inti,2026,Tanam Baru,Pembukaan Lahan,Pemberantasan Lalang & Gulma Lainnya,45.36,45.36,45.36,16479789.633404996,363311.0589,125914732.9,363311.0589,1645600.0,2.5999999999999996,632923.0769,5.731922399,9.985564359
PT. Fass Forest Development,Reklamasi FFD Inti,2026,Tanam Baru,Pembukaan Lahan,Reklamasi Lahan,45.36,45.36,45.36,2265419015.743392,49943099.99,125914732.9,49943099.99,2256818655.5,55.199999999999996,40884395.93,121.6931217,99.62036338
PT. Fass Forest Development,Reklamasi FFD Inti,2026,Tanam Baru,Pembuatan Sarana & Prasarana,Pembuatan Jbtn Permanen,45.36,45.36,45.36,60119641.231275,1325388.916,125914732.9,1325388.916,15665660.0,10.0,1566566.0,22.04585538,26.0574742
PT. Fass Forest Development,Reklamasi FFD Inti,2026,Tanam Baru,Pembuatan Sarana & Prasarana,Pembuatan Parit Primer,45.36,45.36,45.36,24309486.14106667,535923.4158,125914732.9,535923.4158,0.0,0.0,0.0,0.0,0.0
PT. Fass Forest Development,Reklamasi FFD Inti,2026,Tanam Baru,Pembuatan Sarana & Prasarana,Tapak Kuda,45.36,45.36,45.36,31207016.0,687985.3616,125914732.9,687985.3616,0.0,0.0,0.0,0.0,0.0
PT. Fass Forest Development,Reklamasi FFD Inti,2026,Tanam Baru,Pembuatan Sarana & Prasarana,Tapak Timbun,45.36,45.36,45.36,31207016.0,687985.3616,125914732.9,687985.3616,0.0,0.0,0.0,0.0,0.0
PT. Fass Forest Development,Reklamasi FFD Inti,2026,Tanam Baru,Pemeliharaan Awal,Tanam Kacangan - Semai Kacangan,45.36,45.36,45.36,97146394.0,2141675.353,125914732.9,2141675.353,1944800.0,32.64705882352941,59570.45045,71.97323374,2.001927112
PT. Fass Forest Development,Reklamasi FFD Inti,2026,Tanam Baru,Pemeliharaan Awal,Tanam Kacangan,45.36,45.36,45.36,60984643.0,1344458.62,125914732.9,1344458.62,12185747.02,30.4,400846.9414,67.01940035,19.98166493
PT. Fass Forest Development,Reklamasi FFD Inti,2026,Tanam Baru,Pemeliharaan Awal,Pemeliharaan Kacangan,45.36,45.36,45.36,202906874.016,4473255.6,125914732.9,4473255.6,0.0,0.0,0.0,0.0,0.0
PT. Fass Forest Development,Reklamasi FFD Inti,2026,Tanam Baru,Pemeliharaan Awal,Memancang,45.36,45.36,45.36,20938428.201599997,461605.56,125914732.9,461605.56,17033885.0,53.97,315617.658,118.9814815,81.35226215
PT. Fass Forest Development,Reklamasi FFD Inti,2026,Tanam Baru,Pemeliharaan Awal,Melobang Dan Pupuk Lobang,45.36,45.36,45.36,42936611.257259995,946574.3223,125914732.9,946574.3223,30253407.0,49.91911764705882,606048.5126,110.0509648,70.46063048
PT. Fass Forest Development,Reklamasi FFD Inti,2026,Tanam Baru,Pemeliharaan Awal,Melubang Mekanis,45.36,45.36,45.36,56181557.80272471,1238570.498,125914732.9,1238570.498,58318789.93,45.470588235294116,1282560.71,100.2438012,103.8041525
PT. Fass Forest Development,Reklamasi FFD Inti,2026,Tanam Baru,Pemeliharaan Awal,Penanaman Sawit,45.36,45.36,45.36,379698878.13479996,8370786.555,125914732.9,8370786.555,476292488.93,49.91911764705882,9541284.209,110.0509648,125.4395302
PT. Fass Forest Development,Reklamasi FFD Inti,2026,Tanam Baru,Pemeliharaan Awal,Pengawetan Tanah Titik Tanam,45.36,45.36,45.36,281115328.67181796,6197427.881,125914732.9,6197427.881,0.0,0.0,0.0,0.0,0.0
PT. Fass Forest Development,Reklamasi FFD Inti,2026,Tanam Baru,Pemeliharaan Awal,Phpt,45.36,45.36,45.36,14834129.952096,327031.0836,125914732.9,327031.0836,0.0,0.0,0.0,0.0,0.0
PT. Fass Forest Development,Reklamasi FFD Inti,2026,Tanam Baru,Pemeliharaan Awal,Konsolidasi Pokok,45.36,45.36,45.36,5470615.287899999,120604.3935,125914732.9,120604.3935,4812135.0,6.625,726360.0,14.60537919,87.96332308
PT. Fass Forest Development,Reklamasi FFD Inti,2026,Tanam Baru,Pemeliharaan Awal,Pemeliharaan Parit Primer & Sekunder,45.36,45.36,45.36,18306668.8658,403586.1743,125914732.9,403586.1743,0.0,0.0,0.0,0.0,0.0
PT. Fass Forest Development,Reklamasi FFD Inti,2026,Tanam Baru,Pemeliharaan Awal,Anorganik Urea,45.36,45.36,45.36,7430390.975196,163809.3249,125914732.9,163809.3249,0.0,0.0,0.0,0.0,0.0
PT. Fass Forest Development,Reklamasi FFD Inti,2026,Tanam Baru,Pemeliharaan Awal,Abu Boiler,45.36,45.36,45.36,9662777.510919122,213024.1956,125914732.9,213024.1956,0.0,0.0,0.0,0.0,0.0
PT. Fass Forest Development,Reklamasi FFD Inti,2026,Tanam Baru,Pemeliharaan Awal,Angkutan (Intern/Ekstern),45.36,45.36,45.36,1540306.37124,33957.3715,125914732.9,33957.3715,12541400.0,0.0,0.0,0.0,814.2146416
PT. Fass Forest Development,Reklamasi FFD Inti,2026,Tanam Baru,Pemeliharaan Awal,Pemupukkan Kacangan Anorganik,45.36,45.36,45.36,34542665.72976239,761522.6131,125914732.9,761522.6131,0.0,0.0,0.0,0.0,0.0
PT. Fass Forest Development,Reklamasi FFD Inti,2026,Tanam Baru,Pemeliharaan Awal,Pengawasan,45.36,45.36,45.36,89832233.37535998,1980428.425,125914732.9,1980428.425,49137760.0,45.36,1083283.951,100.0,54.69947496
PT. Fass Forest Development,Reklamasi FFD Inti,2026,Tanam Baru,Pemeliharaan Awal,Administrasi,45.36,45.36,45.36,17147007.52128,378020.448,125914732.9,378020.448,0.0,0.0,0.0,0.0,0.0
PT. Fass Forest Development,Reklamasi FFD Inti,2027,TBM 1,Pembuatan Piringan & Titi Pasar Rintis,Pembuatan Piringan,45.36,,45.36,18088739.6229225,,125914732.9,,,,0.0,,
PT. Fass Forest Development,Reklamasi FFD Inti,2027,TBM 1,Pembuatan Piringan & Titi Pasar Rintis,Pembuatan Titi Pasar Rintis,45.36,,45.36,9270502.567704,,125914732.9,,,,0.0,,
PT. Fass Forest Development,Reklamasi FFD Inti,2027,TBM 1,Pemeliharaan Piringan Gawangan Manual & Chemist,Pemeliharaan Piringan Manual,45.36,,45.36,18084080.85348847,,125914732.9,,,,0.0,,
PT. Fass Forest Development,Reklamasi FFD Inti,2027,TBM 1,Pemeliharaan Piringan Gawangan Manual & Chemist,Pemeliharaan Piringan /Pasar Rintis(Chemist),45.36,,45.36,6970393.710342561,,125914732.9,,,,0.0,,
PT. Fass Forest Development,Reklamasi FFD Inti,2027,TBM 1,Pemeliharaan Piringan Gawangan Manual & Chemist,Pemeliharaan Gawangan Manual,45.36,,45.36,36153252.879644245,,125914732.9,,,,0.0,,
PT. Fass Forest Development,Reklamasi FFD Inti,2027,TBM 1,Pemeliharaan Piringan Gawangan Manual & Chemist,Pemeliharaan Gawangan Chemist,45.36,,45.36,6821190.665442562,,125914732.9,,,,0.0,,
PT. Fass Forest Development,Reklamasi FFD Inti,2027,TBM 1,Pemberantasan Lalang,Spot Lalang,45.36,,45.36,5705960.93713485,,125914732.9,,,,0.0,,
PT. Fass Forest Development,Reklamasi FFD Inti,2027,TBM 1,Pemberantasan Lalang,Wipping,45.36,,45.36,11543423.954513848,,125914732.9,,,,0.0,,
PT. Fass Forest Development,Reklamasi FFD Inti,2027,TBM 1,Pemberantasan Lalang,Transport Air,45.36,,45.36,3960504.43488,,125914732.9,,,,0.0,,
PT. Fass Forest Development,Reklamasi FFD Inti,2027,TBM 1,Pemeliharaan Pokok,Penyisipan,45.36,,45.36,15146350.205081027,,125914732.9,,,,0.0,,
PT. Fass Forest Development,Reklamasi FFD Inti,2027,TBM 1,Pemeliharaan Pokok,Konsolidasi,45.36,,45.36,13084704.21003984,,125914732.9,,,,0.0,,
PT. Fass Forest Development,Reklamasi FFD Inti,2027,TBM 1,Pemeliharaan Pokok,Survey dan Sensus,45.36,,45.36,2911533.2980271997,,125914732.9,,,,0.0,,
PT. Fass Forest Development,Reklamasi FFD Inti,2027,TBM 1,Pengawetan Tanah,Tapak Kuda,45.36,,45.36,16327239.795820799,,125914732.9,,,,0.0,,
PT. Fass Forest Development,Reklamasi FFD Inti,2027,TBM 1,Pengawetan Tanah,Tapak Timbun,45.36,,45.36,16327239.795820799,,125914732.9,,,,0.0,,
PT. Fass Forest Development,Reklamasi FFD Inti,2027,TBM 1,Pengendalian Hama dan Penyakit,Hama Tikus,45.36,,45.36,11715618.244679999,,125914732.9,,,,0.0,,
PT. Fass Forest Development,Reklamasi FFD Inti,2027,TBM 1,Pengendalian Hama dan Penyakit,Hama Ulat Api,45.36,,45.36,546469.4831382676,,125914732.9,,,,0.0,,
PT. Fass Forest Development,Reklamasi FFD Inti,2027,TBM 1,Pengendalian Hama dan Penyakit,Hama (Oryctes),45.36,,45.36,24968547.88187319,,125914732.9,,,,0.0,,
PT. Fass Forest Development,Reklamasi FFD Inti,2027,TBM 1,Pemupukkan Kelapa Sawit,"Pemupukkan NPK 12-12-17-2+0,65B",45.36,,45.36,147806242.64468497,,125914732.9,,,,0.0,,
PT. Fass Forest Development,Reklamasi FFD Inti,2027,TBM 1,Pemupukkan Kelapa Sawit,Pemupukkan Dolomite,45.36,,45.36,24617237.46488496,,125914732.9,,,,0.0,,
PT. Fass Forest Development,Reklamasi FFD Inti,2027,TBM 1,Pemupukkan Kelapa Sawit,Pemupukkan Borate,45.36,,45.36,4493886.95017584,,125914732.9,,,,0.0,,
PT. Fass Forest Development,Reklamasi FFD Inti,2027,TBM 1,Pemupukkan Kelapa Sawit,Janjang Kosong & Abu Boiler,45.36,,45.36,79704829.53774886,,125914732.9,,,,0.0,,
PT. Fass Forest Development,Reklamasi FFD Inti,2027,TBM 1,Pemupukkan Kelapa Sawit,Pengangkutan Pupuk Intern,45.36,,45.36,2407372.3659913205,,125914732.9,,,,0.0,,
PT. Fass Forest Development,Reklamasi FFD Inti,2027,TBM 1,Pemupukkan Kelapa Sawit,Pengangkutan Pupuk Ekstern,45.36,,45.36,858670.44786432,,125914732.9,,,,0.0,,
PT. Fass Forest Development,Reklamasi FFD Inti,2027,TBM 1,Pengawasan dan Administrasi,Pengawasan,45.36,,45.36,18015620.495947197,,125914732.9,,,,0.0,,
PT. Fass Forest Development,Reklamasi FFD Inti,2027,TBM 1,Pengawasan dan Administrasi,Administrasi,45.36,,45.36,5282096.8965408,,125914732.9,,,,0.0,,
PT. Fass Forest Development,Reklamasi FFD Inti,2028,TBM 2,Pemeliharaan Piringan Gawangan Manual & Chemist,Pemeliharaan Piringan Manual,45.36,,45.36,19258404.672196697,,125914732.9,,,,0.0,,
PT. Fass Forest Development,Reklamasi FFD Inti,2028,TBM 2,Pemeliharaan Piringan Gawangan Manual & Chemist,Pemeliharaan Piringan /Pasar Rintis(Chemist),45.36,,45.36,27873463.342297744,,125914732.9,,,,0.0,,
PT. Fass Forest Development,Reklamasi FFD Inti,2028,TBM 2,Pemeliharaan Piringan Gawangan Manual & Chemist,Pemeliharaan Gawangan Manual,45.36,,45.36,30829753.43633414,,125914732.9,,,,0.0,,
PT. Fass Forest Development,Reklamasi FFD Inti,2028,TBM 2,Pemeliharaan Piringan Gawangan Manual & Chemist,Pemeliharaan Gawangan Chemist,45.36,,45.36,24987015.630555302,,125914732.9,,,,0.0,,
PT. Fass Forest Development,Reklamasi FFD Inti,2028,TBM 2,Pemberantasan Lalang,Spot Lalang,45.36,,45.36,6057800.963491504,,125914732.9,,,,0.0,,
PT. Fass Forest Development,Reklamasi FFD Inti,2028,TBM 2,Pemberantasan Lalang,Wipping,45.36,,45.36,11356765.570063176,,125914732.9,,,,0.0,,
PT. Fass Forest Development,Reklamasi FFD Inti,2028,TBM 2,Pemberantasan Lalang,Transport Air,45.36,,45.36,4158529.6566240005,,125914732.9,,,,0.0,,
PT. Fass Forest Development,Reklamasi FFD Inti,2028,TBM 2,Pemeliharaan Pokok,Kastrasi,45.36,,45.36,46250139.735545255,,125914732.9,,,,0.0,,
PT. Fass Forest Development,Reklamasi FFD Inti,2028,TBM 2,Pemeliharaan Pokok,Penyisipan,45.36,,45.36,10644442.06975953,,125914732.9,,,,0.0,,
PT. Fass Forest Development,Reklamasi FFD Inti,2028,TBM 2,Pemeliharaan Pokok,Survey dan Sensus,45.36,,45.36,7703170.11070992,,125914732.9,,,,0.0,,
PT. Fass Forest Development,Reklamasi FFD Inti,2028,TBM 2,Pengendalian Hama dan Penyakit,Hama Tikus,45.36,,45.36,12463471.022534277,,125914732.9,,,,0.0,,
PT. Fass Forest Development,Reklamasi FFD Inti,2028,TBM 2,Pengendalian Hama dan Penyakit,Hama Ulat Api,45.36,,45.36,580447.1552451722,,125914732.9,,,,0.0,,
PT. Fass Forest Development,Reklamasi FFD Inti,2028,TBM 2,Pengendalian Hama dan Penyakit,Hama (Oryctes),45.36,,45.36,50125155.21594904,,125914732.9,,,,0.0,,
PT. Fass Forest Development,Reklamasi FFD Inti,2028,TBM 2,Pemupukkan Kelapa Sawit,"Pemupukkan NPK 12-12-17-2+0,65B",45.36,,45.36,197356553.999295,,125914732.9,,,,0.0,,
PT. Fass Forest Development,Reklamasi FFD Inti,2028,TBM 2,Pemupukkan Kelapa Sawit,Pemupukkan Dolomite,45.36,,45.36,23105569.721819986,,125914732.9,,,,0.0,,
PT. Fass Forest Development,Reklamasi FFD Inti,2028,TBM 2,Pemupukkan Kelapa Sawit,Pemupukkan Borate,45.36,,45.36,7088488.15280062,,125914732.9,,,,0.0,,
PT. Fass Forest Development,Reklamasi FFD Inti,2028,TBM 2,Pemupukkan Kelapa Sawit,Janjang Kosong & Abu Boiler,45.36,,45.36,80649103.41071407,,125914732.9,,,,0.0,,
PT. Fass Forest Development,Reklamasi FFD Inti,2028,TBM 2,Pemupukkan Kelapa Sawit,Pengangkutan Pupuk Intern,45.36,,45.36,3634398.3288934436,,125914732.9,,,,0.0,,
PT. Fass Forest Development,Reklamasi FFD Inti,2028,TBM 2,Pemupukkan Kelapa Sawit,Pengangkutan Pupuk Ekstern,45.36,,45.36,1263824.0790013436,,125914732.9,,,,0.0,,
PT. Fass Forest Development,Reklamasi FFD Inti,2028,TBM 2,Pengawasan dan Administrasi,Pengawasan,45.36,,45.36,19175716.505737007,,125914732.9,,,,0.0,,
PT. Fass Forest Development,Reklamasi FFD Inti,2028,TBM 2,Pengawasan dan Administrasi,Administrasi,45.36,,45.36,5611030.487615951,,125914732.9,,,,0.0,,
PT. Fass Forest Development,Reklamasi FFD Inti,2029,TBM 3,"Pembuatan TPH, Pemeliharaan Piringan Gawangan Manual & Chemist",Pembuatan TPH,45.36,,45.36,1105150.9457265327,,125914732.9,,,,0.0,,
PT. Fass Forest Development,Reklamasi FFD Inti,2029,TBM 3,"Pembuatan TPH, Pemeliharaan Piringan Gawangan Manual & Chemist",Pemeliharaan Piringan Manual,45.36,,45.36,20509002.46728253,,125914732.9,,,,0.0,,
PT. Fass Forest Development,Reklamasi FFD Inti,2029,TBM 3,"Pembuatan TPH, Pemeliharaan Piringan Gawangan Manual & Chemist",Pemeliharaan Piringan /Pasar Rintis(Chemist),45.36,,45.36,29532888.5400404,,125914732.9,,,,0.0,,
PT. Fass Forest Development,Reklamasi FFD Inti,2029,TBM 3,"Pembuatan TPH, Pemeliharaan Piringan Gawangan Manual & Chemist",Pemeliharaan Pasar Rintis Manual,45.36,,45.36,40981775.666399136,,125914732.9,,,,0.0,,
PT. Fass Forest Development,Reklamasi FFD Inti,2029,TBM 3,"Pembuatan TPH, Pemeliharaan Piringan Gawangan Manual & Chemist",Pemeliharaan Gawangan Manual,45.36,,45.36,32831525.206512436,,125914732.9,,,,0.0,,
PT. Fass Forest Development,Reklamasi FFD Inti,2029,TBM 3,"Pembuatan TPH, Pemeliharaan Piringan Gawangan Manual & Chemist",Pemeliharaan Gawangan Chemist,45.36,,45.36,25811236.759550225,,125914732.9,,,,0.0,,
PT. Fass Forest Development,Reklamasi FFD Inti,2029,TBM 3,Pemberantasan Lalang,Wipping,45.36,,45.36,12066338.264901148,,125914732.9,,,,0.0,,
PT. Fass Forest Development,Reklamasi FFD Inti,2029,TBM 3,Pemberantasan Lalang,Transport Air,45.36,,45.36,4366456.139455201,,125914732.9,,,,0.0,,
PT. Fass Forest Development,Reklamasi FFD Inti,2029,TBM 3,Pemeliharaan Pokok,Sanitasi,45.36,,45.36,16368311.848206678,,125914732.9,,,,0.0,,
PT. Fass Forest Development,Reklamasi FFD Inti,2029,TBM 3,Pemeliharaan Pokok,Kastrasi,45.36,,45.36,8208845.478310817,,125914732.9,,,,0.0,,
PT. Fass Forest Development,Reklamasi FFD Inti,2029,TBM 3,Pemeliharaan Pokok,Survey dan Sensus,45.36,,45.36,8203399.640835813,,125914732.9,,,,0.0,,
PT. Fass Forest Development,Reklamasi FFD Inti,2029,TBM 3,Pengendalian Hama dan Penyakit,Hama Tikus,45.36,,45.36,13259251.110546589,,125914732.9,,,,0.0,,
PT. Fass Forest Development,Reklamasi FFD Inti,2029,TBM 3,Pengendalian Hama dan Penyakit,Hama Ulat Api,45.36,,45.36,616556.2338241714,,125914732.9,,,,0.0,,
PT. Fass Forest Development,Reklamasi FFD Inti,2029,TBM 3,Pengendalian Hama dan Penyakit,Hama (Oryctes),45.36,,45.36,128865933.17413306,,125914732.9,,,,0.0,,
PT. Fass Forest Development,Reklamasi FFD Inti,2029,TBM 3,Pemupukkan Kelapa Sawit,"Pemupukkan NPK 12-12-17-2+0,65B",45.36,,45.36,243217510.21557432,,125914732.9,,,,0.0,,
PT. Fass Forest Development,Reklamasi FFD Inti,2029,TBM 3,Pemupukkan Kelapa Sawit,Pemupukkan Dolomite,45.36,,45.36,30535772.85753014,,125914732.9,,,,0.0,,
PT. Fass Forest Development,Reklamasi FFD Inti,2029,TBM 3,Pemupukkan Kelapa Sawit,Pemupukkan Borate,45.36,,45.36,7339625.109124953,,125914732.9,,,,0.0,,
PT. Fass Forest Development,Reklamasi FFD Inti,2029,TBM 3,Pemupukkan Kelapa Sawit,Janjang Kosong & Abu Boiler,45.36,,45.36,192160747.36076733,,125914732.9,,,,0.0,,
PT. Fass Forest Development,Reklamasi FFD Inti,2029,TBM 3,Pemupukkan Kelapa Sawit,Pengangkutan Pupuk Intern,45.36,,45.36,5263293.250194539,,125914732.9,,,,0.0,,
PT. Fass Forest Development,Reklamasi FFD Inti,2029,TBM 3,Pemupukkan Kelapa Sawit,Pengangkutan Pupuk Ekstern,45.36,,45.36,1784048.646237439,,125914732.9,,,,0.0,,
PT. Fass Forest Development,Reklamasi FFD Inti,2029,TBM 3,Pengawasan dan Administrasi,Pengawasan,45.36,,45.36,20410672.790040813,,125914732.9,,,,0.0,,
PT. Fass Forest Development,Reklamasi FFD Inti,2029,TBM 3,Pengawasan dan Administrasi,Administrasi,45.36,,45.36,5960624.626750988,,125914732.9,,,,0.0,,
PT. Buana Karya Bhakti,Satui Timur,2025,Perizinan & lainnya,Perizinan,Perizinan,333.4,,333.4,16669999.999999998,,120533065.0,,,,0.0,,
PT. Buana Karya Bhakti,Satui Timur,2025,Perizinan & lainnya,Pembebasan Lahan,Pembebasan Lahan,333.4,,333.4,6939850359.2,,120533065.0,,,,0.0,,
PT. Buana Karya Bhakti,Satui Timur,2025,Perizinan & lainnya,Biaya Lainnya,Biaya Lainnya,333.4,,333.4,31835000.0,,120533065.0,,,,0.0,,
PT. Buana Karya Bhakti,Satui Timur,2026,Perizinan & lainnya,Perizinan,Perizinan,67.40000000000003,,67.4,3370000.000000002,,120533065.0,,,,0.0,,
PT. Buana Karya Bhakti,Satui Timur,2026,Perizinan & lainnya,Pembebasan Lahan,Pembebasan Lahan,67.40000000000003,,67.4,1402957151.2000008,,120533065.0,,,,0.0,,
PT. Buana Karya Bhakti,Satui Timur,2026,Perizinan & lainnya,Biaya Lainnya,Biaya Lainnya,67.40000000000003,,67.4,1685000.000000001,,120533065.0,,,,0.0,,
PT. Buana Karya Bhakti,Satui Timur,2026,Non Tanaman,Rumah Genset,Rumah Genset,400.8,,400.8,18000000.0,,120533065.0,,,,0.0,,
PT. Buana Karya Bhakti,Satui Timur,2026,Non Tanaman,Long House Semi Permanen,Long House Semi Permanen,400.8,,400.8,312500000.0,,120533065.0,,,,0.0,,
PT. Buana Karya Bhakti,Satui Timur,2026,Non Tanaman,Tower Air,Tower Air,400.8,,400.8,20000000.0,,120533065.0,,,,0.0,,
PT. Buana Karya Bhakti,Satui Timur,2026,Non Tanaman,Sumur Bor + Pompa Celup,Sumur Bor + Pompa Celup,400.8,,400.8,43450000.0,,120533065.0,,,,0.0,,
PT. Buana Karya Bhakti,Satui Timur,2026,Non Tanaman,Pos Security,Pos Security,400.8,,400.8,15000000.0,,120533065.0,,,,0.0,,
PT. Buana Karya Bhakti,Satui Timur,2026,Non Tanaman,Menara Api,Menara Api,400.8,,400.8,125000000.0,,120533065.0,,,,0.0,,
PT. Buana Karya Bhakti,Satui Timur,2027,Non Tanaman,Gudang Pupuk & Gudang B3,Gudang Pupuk & Gudang B3,400.8,,400.8,48000000.0,,120533065.0,,,,0.0,,
PT. Buana Karya Bhakti,Satui Timur,2027,Non Tanaman,Long House,Long House,400.8,,400.8,625000000.0,,120533065.0,,,,0.0,,
PT. Buana Karya Bhakti,Satui Timur,2026,Tanam Baru,Imas Tumbang Perun,Identifikasi Blok,400.8,,400.8,29881347.408,,120533065.0,,,,0.0,,
PT. Buana Karya Bhakti,Satui Timur,2026,Tanam Baru,Imas Tumbang Perun,Imas,400.8,,400.8,298813474.08,,120533065.0,,,,0.0,,
PT. Buana Karya Bhakti,Satui Timur,2026,Tanam Baru,Imas Tumbang Perun,Perun Mekanis,400.8,,400.8,6127353599.282668,,120533065.0,,,,0.0,,
PT. Buana Karya Bhakti,Satui Timur,2026,Tanam Baru,Imas Tumbang Perun,Pemberantasan Lalang & Gulma,400.8,,400.8,217892714.288382,,120533065.0,,,,0.0,,
PT. Buana Karya Bhakti,Satui Timur,2026,Tanam Baru,Pembuatan Sarana & Prasarana,Pembuatan Jalan,400.8,,400.8,745453574.0260775,,120533065.0,,,,0.0,,
PT. Buana Karya Bhakti,Satui Timur,2026,Tanam Baru,Pembuatan Sarana & Prasarana,Pembuatan Jembatan,400.8,,400.8,1387722586.485328,,120533065.0,,,,0.0,,
PT. Buana Karya Bhakti,Satui Timur,2026,Tanam Baru,Pembuatan Sarana & Prasarana,Pembuatan Parit,400.8,,400.8,4737509603.7075,,120533065.0,,,,0.0,,
PT. Buana Karya Bhakti,Satui Timur,2026,Tanam Baru,Pembuatan Sarana & Prasarana,Pemeliharaan Titi Pasar Rintis,400.8,,400.8,252504000.0,,120533065.0,,,,0.0,,
PT. Buana Karya Bhakti,Satui Timur,2026,Tanam Baru,Pembuatan Sarana & Prasarana,Pengawetan Tanah,400.8,,400.8,268932126.672,,120533065.0,,,,0.0,,
PT. Buana Karya Bhakti,Satui Timur,2026,Tanam Baru,Pembuatan Sarana & Prasarana,Pemeliharaan Pintu Air,400.8,,400.8,396948899.78923005,,120533065.0,,,,0.0,,
PT. Buana Karya Bhakti,Satui Timur,2026,Tanam Baru,Tanam Kacangan & Pemeliharaan,Penanaman Kacangan,400.8,,400.8,87302717.42023614,,120533065.0,,,,0.0,,
PT. Buana Karya Bhakti,Satui Timur,2026,Tanam Baru,Tanam Kacangan & Pemeliharaan,Pembuatan Bedengan,400.8,,400.8,2382841.1497617546,,120533065.0,,,,0.0,,
PT. Buana Karya Bhakti,Satui Timur,2026,Tanam Baru,Tanam Kacangan & Pemeliharaan,Perakitan Instalasi Air,400.8,,400.8,2855829.957510816,,120533065.0,,,,0.0,,
PT. Buana Karya Bhakti,Satui Timur,2026,Tanam Baru,Tanam Kacangan & Pemeliharaan,Pemeliharaan Weeding Atas,400.8,,400.8,598224.5751081599,,120533065.0,,,,0.0,,
PT. Buana Karya Bhakti,Satui Timur,2026,Tanam Baru,Tanam Kacangan & Pemeliharaan,PHPT Insek,400.8,,400.8,639515.2988624399,,120533065.0,,,,0.0,,
PT. Buana Karya Bhakti,Satui Timur,2026,Tanam Baru,Tanam Kacangan & Pemeliharaan,PHPT Fungi,400.8,,400.8,740821.3694481599,,120533065.0,,,,0.0,,
PT. Buana Karya Bhakti,Satui Timur,2026,Tanam Baru,Tanam Kacangan & Pemeliharaan,Penyiraman Bibit,400.8,,400.8,598224.5751081599,,120533065.0,,,,0.0,,
PT. Buana Karya Bhakti,Satui Timur,2026,Tanam Baru,Tanam Kacangan & Pemeliharaan,Pemeliharaan Semai Kacangan,400.8,,400.8,179288084.448,,120533065.0,,,,0.0,,
PT. Buana Karya Bhakti,Satui Timur,2026,Tanam Baru,Tanam Kacangan & Pemeliharaan,Tanam Kacangan,400.8,,400.8,335090793.6100356,,120533065.0,,,,0.0,,
PT. Buana Karya Bhakti,Satui Timur,2026,Tanam Baru,Tanam Kacangan & Pemeliharaan,Pemeliharaan Kacangan,400.8,,400.8,59762694.816,,120533065.0,,,,0.0,,
PT. Buana Karya Bhakti,Satui Timur,2026,Tanam Baru,Pemupukkan Kacangan,Pemupukkan NPK Granule & RP,400.8,,400.8,49568779.534710005,,120533065.0,,,,0.0,,
PT. Buana Karya Bhakti,Satui Timur,2026,Tanam Baru,Angkutan Pupuk,Angkutan Pupuk Intern,400.8,,400.8,33880.626,,120533065.0,,,,0.0,,
PT. Buana Karya Bhakti,Satui Timur,2026,Tanam Baru,Angkutan Pupuk,Angkutan Pupuk Ekstern,400.8,,400.8,65274.288,,120533065.0,,,,0.0,,
PT. Buana Karya Bhakti,Satui Timur,2026,Tanam Baru,Tanam Pokok Sawit,Memancang,400.8,,400.8,185306096.448,,120533065.0,,,,0.0,,
PT. Buana Karya Bhakti,Satui Timur,2026,Tanam Baru,Tanam Pokok Sawit,Pupuk Lubang Tanam,400.8,,400.8,380654777.976,,120533065.0,,,,0.0,,
PT. Buana Karya Bhakti,Satui Timur,2026,Tanam Baru,Tanam Pokok Sawit,Penanaman Kelapa Sawit,400.8,,400.8,3451627067.184,,120533065.0,,,,0.0,,
PT. Buana Karya Bhakti,Satui Timur,2026,Tanam Baru,Pemeliharaan Pokok Sawit,PHPT Tikus,400.8,,400.8,29885678.452800002,,120533065.0,,,,0.0,,
PT. Buana Karya Bhakti,Satui Timur,2026,Tanam Baru,Pemeliharaan Pokok Sawit,PHPT Kumbang Tanduk,400.8,,400.8,63931851.486,,120533065.0,,,,0.0,,
PT. Buana Karya Bhakti,Satui Timur,2026,Tanam Baru,Pemeliharaan Pokok Sawit,Konsolidasi Pokok,400.8,,400.8,26893212.6672,,120533065.0,,,,0.0,,
PT. Buana Karya Bhakti,Satui Timur,2026,Tanam Baru,Pemupukkan Sawit,Pemupukkan Urea,400.8,,400.8,85692629.81328,,120533065.0,,,,0.0,,
PT. Buana Karya Bhakti,Satui Timur,2026,Tanam Baru,Pemupukkan Sawit,Pemupukan Dolomit,400.8,,400.8,37360876.608,,120533065.0,,,,0.0,,
PT. Buana Karya Bhakti,Satui Timur,2026,Tanam Baru,Pemupukkan Sawit,Pemupukan NPK,400.8,,400.8,131402747.47308001,,120533065.0,,,,0.0,,
PT. Buana Karya Bhakti,Satui Timur,2026,Tanam Baru,Pemupukkan Sawit,Angkutan Pupuk,400.8,,400.8,2682509.35637256,,120533065.0,,,,0.0,,
PT. Buana Karya Bhakti,Satui Timur,2026,Tanam Baru,Pengawasan & Administrasi,Pengawasan,400.8,,400.8,162173182.968,,120533065.0,,,,0.0,,
PT. Buana Karya Bhakti,Satui Timur,2026,Tanam Baru,Pengawasan & Administrasi,Administrasi,400.8,,400.8,136859216.8896,,120533065.0,,,,0.0,,
PT. Buana Karya Bhakti,Satui Timur,2027,TBM 1,Tanam Kacangan,Pemeliharaan Kacangan,400.8,,400.8,179288084.448,,120533065.0,,,,0.0,,
PT. Buana Karya Bhakti,Satui Timur,2027,TBM 1,Tanam Kacangan,Bongkar tanaman pengganggu,400.8,,400.8,38170998.44014499,,120533065.0,,,,0.0,,
PT. Buana Karya Bhakti,Satui Timur,2027,TBM 1,Tanam Kacangan,Pemberantasan lalang,400.8,,400.8,41575399.24383,,120533065.0,,,,0.0,,
PT. Buana Karya Bhakti,Satui Timur,2027,TBM 1,Pembuatan Piringan & Titi Pasar Rintis,Pembuatan Piringan,400.8,,400.8,149970777.792345,,120533065.0,,,,0.0,,
PT. Buana Karya Bhakti,Satui Timur,2027,TBM 1,Pembuatan Piringan & Titi Pasar Rintis,Pembuatan Pasar Rintis & Titi Pasar Rintis,400.8,,400.8,69913937.5512975,,120533065.0,,,,0.0,,
PT. Buana Karya Bhakti,Satui Timur,2027,TBM 1,Pemeliharaan Piringan Gawangan Manual & Chemist,Pemeliharaan Piringan Manual,400.8,,400.8,150047099.65138498,,120533065.0,,,,0.0,,
PT. Buana Karya Bhakti,Satui Timur,2027,TBM 1,Pemeliharaan Piringan Gawangan Manual & Chemist,Pemeliharaan Piringan /Pasar Rintis(Chemist),400.8,,400.8,56233730.28712501,,120533065.0,,,,0.0,,
PT. Buana Karya Bhakti,Satui Timur,2027,TBM 1,Pemeliharaan Piringan Gawangan Manual & Chemist,Pemeliharaan Gawangan Manual,400.8,,400.8,299968738.27154994,,120533065.0,,,,0.0,,
PT. Buana Karya Bhakti,Satui Timur,2027,TBM 1,Pemeliharaan Piringan Gawangan Manual & Chemist,Pemeliharaan Gawangan Chemist,400.8,,400.8,364265654.305302,,120533065.0,,,,0.0,,
PT. Buana Karya Bhakti,Satui Timur,2027,TBM 1,Pemberantasan Lalang,Sheet Lalang,400.8,,400.8,31677096.547620002,,120533065.0,,,,0.0,,
PT. Buana Karya Bhakti,Satui Timur,2027,TBM 1,Pemberantasan Lalang,Spot Lalang,400.8,,400.8,23757822.410715003,,120533065.0,,,,0.0,,
PT. Buana Karya Bhakti,Satui Timur,2027,TBM 1,Pemberantasan Lalang,Wipping,400.8,,400.8,24034477.0768875,,120533065.0,,,,0.0,,
PT. Buana Karya Bhakti,Satui Timur,2027,TBM 1,Pemberantasan Lalang,Transport Air,400.8,,400.8,115316630.07431999,,120533065.0,,,,0.0,,
PT. Buana Karya Bhakti,Satui Timur,2027,TBM 1,Pemeliharaan Pokok,Sanitasi & Kastrasi,400.8,,400.8,120117740.561184,,120533065.0,,,,0.0,,
PT. Buana Karya Bhakti,Satui Timur,2027,TBM 1,Pemeliharaan Pokok,Penyisipan & Konsolidasi,400.8,,400.8,205148600.72702178,,120533065.0,,,,0.0,,
PT. Buana Karya Bhakti,Satui Timur,2027,TBM 1,Pemeliharaan Pokok,Survey dan Sensus,400.8,,400.8,24159686.1264,,120533065.0,,,,0.0,,
PT. Buana Karya Bhakti,Satui Timur,2027,TBM 1,Pemeliharaan Prasarana,Jalan Utama / Jalan Akses,400.8,,400.8,19474238.981648717,,120533065.0,,,,0.0,,
PT. Buana Karya Bhakti,Satui Timur,2027,TBM 1,Pemeliharaan Prasarana,Jalan Produksi,400.8,,400.8,169157144.60837838,,120533065.0,,,,0.0,,
PT. Buana Karya Bhakti,Satui Timur,2027,TBM 1,Pemeliharaan Prasarana,Jalan Koleksi,400.8,,400.8,464206232.0688611,,120533065.0,,,,0.0,,
PT. Buana Karya Bhakti,Satui Timur,2027,TBM 1,Pemeliharaan Prasarana,Jalan Pringgan / Ring,400.8,,400.8,356339088.4881299,,120533065.0,,,,0.0,,
PT. Buana Karya Bhakti,Satui Timur,2027,TBM 1,Pemeliharaan Prasarana,Jembatan Permanen,400.8,,400.8,149877731.882043,,120533065.0,,,,0.0,,
PT. Buana Karya Bhakti,Satui Timur,2027,TBM 1,Pengawetan Tanah,Tapak Timbun,400.8,,400.8,569737690.5791999,,120533065.0,,,,0.0,,
PT. Buana Karya Bhakti,Satui Timur,2027,TBM 1,Pengendalian Hama dan Penyakit,Hama Tikus,400.8,,400.8,33619764.1176,,120533065.0,,,,0.0,,
PT. Buana Karya Bhakti,Satui Timur,2027,TBM 1,Pengendalian Hama dan Penyakit,Hama Ulat Api,400.8,,400.8,19437081.4915434,,120533065.0,,,,0.0,,
PT. Buana Karya Bhakti,Satui Timur,2027,TBM 1,Pengendalian Hama dan Penyakit,Hama (Oryctes),400.8,,400.8,33139438.9364034,,120533065.0,,,,0.0,,
PT. Buana Karya Bhakti,Satui Timur,2027,TBM 1,Pemupukkan Kelapa Sawit,"Pemupukkan NPK 12-12-17-2+0,65B",400.8,,400.8,1296815982.31452,,120533065.0,,,,0.0,,
PT. Buana Karya Bhakti,Satui Timur,2027,TBM 1,Pemupukkan Kelapa Sawit,Pemupukkan Dolomite,400.8,,400.8,210414378.59963998,,120533065.0,,,,0.0,,
PT. Buana Karya Bhakti,Satui Timur,2027,TBM 1,Pemupukkan Kelapa Sawit,Pemupukkan Borate,400.8,,400.8,37080725.96508,,120533065.0,,,,0.0,,
PT. Buana Karya Bhakti,Satui Timur,2027,TBM 1,Pemupukkan Kelapa Sawit,Janjang Kosong,400.8,,400.8,276406632.612432,,120533065.0,,,,0.0,,
PT. Buana Karya Bhakti,Satui Timur,2027,TBM 1,Pemupukkan Kelapa Sawit,Pengangkutan Pupuk Intern,400.8,,400.8,22720954.155899994,,120533065.0,,,,0.0,,
PT. Buana Karya Bhakti,Satui Timur,2027,TBM 1,Pemupukkan Kelapa Sawit,Pengangkutan Pupuk Ekstern,400.8,,400.8,9234037.612799998,,120533065.0,,,,0.0,,
PT. Buana Karya Bhakti,Satui Timur,2027,TBM 1,Pengawasan dan Administrasi,Pengawasan,400.8,,400.8,162173182.968,,120533065.0,,,,0.0,,
PT. Buana Karya Bhakti,Satui Timur,2027,TBM 1,Pengawasan dan Administrasi,Administrasi,400.8,,400.8,43937744.8896,,120533065.0,,,,0.0,,
PT. Buana Karya Bhakti,Satui Timur,2028,TBM 2,"Pembuatan Piringan,Pasar Rintis,Dan Titi Pasar Rintis",Pembuatan Pasar Rintis,400.8,,400.8,30417543.713106006,,120533065.0,,,,0.0,,
PT. Buana Karya Bhakti,Satui Timur,2028,TBM 2,"Pembuatan Piringan,Pasar Rintis,Dan Titi Pasar Rintis",Pembuatan Titi Pasar Rintis,400.8,,400.8,32375052.864000004,,120533065.0,,,,0.0,,
PT. Buana Karya Bhakti,Satui Timur,2028,TBM 2,"Pembuatan Piringan,Pasar Rintis,Dan Titi Pasar Rintis",Pembuatan Pasar Tengah,400.8,,400.8,4798658.783369249,,120533065.0,,,,0.0,,
PT. Buana Karya Bhakti,Satui Timur,2028,TBM 2,Pemeliharaan Piringan Gawangan Manual & Chemist,Pemeliharaan Piringan Manual,400.8,,400.8,287085095.64763427,,120533065.0,,,,0.0,,
PT. Buana Karya Bhakti,Satui Timur,2028,TBM 2,Pemeliharaan Piringan Gawangan Manual & Chemist,Pemeliharaan Piringan /Pasar Rintis(Chemist),400.8,,400.8,164306536.4128838,,120533065.0,,,,0.0,,
PT. Buana Karya Bhakti,Satui Timur,2028,TBM 2,Pemeliharaan Piringan Gawangan Manual & Chemist,Pemeliharaan Gawangan Manual,400.8,,400.8,255802107.3172875,,120533065.0,,,,0.0,,
PT. Buana Karya Bhakti,Satui Timur,2028,TBM 2,Pemeliharaan Piringan Gawangan Manual & Chemist,Pemeliharaan Gawangan Chemist,400.8,,400.8,386512918.92064714,,120533065.0,,,,0.0,,
PT. Buana Karya Bhakti,Satui Timur,2028,TBM 2,Pemberantasan Lalang,Spot Lalang,400.8,,400.8,25214645.657922752,,120533065.0,,,,0.0,,
PT. Buana Karya Bhakti,Satui Timur,2028,TBM 2,Pemberantasan Lalang,Wipping,400.8,,400.8,47236404.654076494,,120533065.0,,,,0.0,,
PT. Buana Karya Bhakti,Satui Timur,2028,TBM 2,Pemberantasan Lalang,Transport Air,400.8,,400.8,34331537.350655995,,120533065.0,,,,0.0,,
PT. Buana Karya Bhakti,Satui Timur,2028,TBM 2,Pemeliharaan Pokok,Kastrasi,400.8,,400.8,383749525.3011695,,120533065.0,,,,0.0,,
PT. Buana Karya Bhakti,Satui Timur,2028,TBM 2,Pemeliharaan Pokok,Penyisipan,400.8,,400.8,88722567.68695197,,120533065.0,,,,0.0,,
PT. Buana Karya Bhakti,Satui Timur,2028,TBM 2,Pemeliharaan Pokok,Survey dan Sensus,400.8,,400.8,63914608.589039996,,120533065.0,,,,0.0,,
PT. Buana Karya Bhakti,Satui Timur,2028,TBM 2,Pemeliharaan Prasarana,Jalan Utama / Jalan Akses,400.8,,400.8,63034281.42043182,,120533065.0,,,,0.0,,
PT. Buana Karya Bhakti,Satui Timur,2028,TBM 2,Pemeliharaan Prasarana,Jalan Produksi,400.8,,400.8,187205060.5061024,,120533065.0,,,,0.0,,
PT. Buana Karya Bhakti,Satui Timur,2028,TBM 2,Pemeliharaan Prasarana,Jalan Koleksi,400.8,,400.8,623954466.6668395,,120533065.0,,,,0.0,,
PT. Buana Karya Bhakti,Satui Timur,2028,TBM 2,Pemeliharaan Prasarana,Jalan Pringgan / Ring,400.8,,400.8,226925932.03398845,,120533065.0,,,,0.0,,
PT. Buana Karya Bhakti,Satui Timur,2028,TBM 2,Pengawetan Tanah,Tapak Timbun,400.8,,400.8,4243151.331936,,120533065.0,,,,0.0,,
PT. Buana Karya Bhakti,Satui Timur,2028,TBM 2,Pengendalian Hama dan Penyakit,Hama Tikus,400.8,,400.8,35636917.48182,,120533065.0,,,,0.0,,
PT. Buana Karya Bhakti,Satui Timur,2028,TBM 2,Pengendalian Hama dan Penyakit,Hama Ulat Api,400.8,,400.8,20667451.902792573,,120533065.0,,,,0.0,,
PT. Buana Karya Bhakti,Satui Timur,2028,TBM 2,Pengendalian Hama dan Penyakit,Hama (Oryctes),400.8,,400.8,45322776.96525064,,120533065.0,,,,0.0,,
PT. Buana Karya Bhakti,Satui Timur,2028,TBM 2,Pemupukkan Kelapa Sawit,"Pemupukkan NPK 12-12-17-2+0,65B",400.8,,400.8,1737438216.5853667,,120533065.0,,,,0.0,,
PT. Buana Karya Bhakti,Satui Timur,2028,TBM 2,Pemupukkan Kelapa Sawit,Pemupukkan Dolomite,400.8,,400.8,192658730.9609916,,120533065.0,,,,0.0,,
PT. Buana Karya Bhakti,Satui Timur,2028,TBM 2,Pemupukkan Kelapa Sawit,Pemupukkan Borate,400.8,,400.8,59351497.6557852,,120533065.0,,,,0.0,,
PT. Buana Karya Bhakti,Satui Timur,2028,TBM 2,Pemupukkan Kelapa Sawit,Janjang Kosong,400.8,,400.8,296972852.2617501,,120533065.0,,,,0.0,,
PT. Buana Karya Bhakti,Satui Timur,2028,TBM 2,Pemupukkan Kelapa Sawit,Pengangkutan Pupuk Intern,400.8,,400.8,26280771.4853112,,120533065.0,,,,0.0,,
PT. Buana Karya Bhakti,Satui Timur,2028,TBM 2,Pemupukkan Kelapa Sawit,Pengangkutan Pupuk Ekstern,400.8,,400.8,10716875.7696,,120533065.0,,,,0.0,,
PT. Buana Karya Bhakti,Satui Timur,2028,TBM 2,Pengawasan dan Administrasi,Pengawasan,400.8,,400.8,172433299.129776,,120533065.0,,,,0.0,,
PT. Buana Karya Bhakti,Satui Timur,2028,TBM 2,Pengawasan dan Administrasi,Administrasi,400.8,,400.8,46672496.387424,,120533065.0,,,,0.0,,
PT. Buana Karya Bhakti,Satui Timur,2029,TBM 3,"Pembuatan Piringan,Pasar Rintis,Dan Titi Pasar Rintis",Pembuatan TPH,400.8,,400.8,9179042.595011663,,120533065.0,,,,0.0,,
PT. Buana Karya Bhakti,Satui Timur,2029,TBM 3,"Pembuatan Piringan,Pasar Rintis,Dan Titi Pasar Rintis",Pembuatan Titi Pasar Rintis,400.8,,400.8,56997699.59716741,,120533065.0,,,,0.0,,
PT. Buana Karya Bhakti,Satui Timur,2029,TBM 3,"Pembuatan Piringan,Pasar Rintis,Dan Titi Pasar Rintis",Pembuatan Pasar Tengah,400.8,,400.8,5123644.2344718445,,120533065.0,,,,0.0,,
PT. Buana Karya Bhakti,Satui Timur,2029,TBM 3,Pemeliharaan Piringan Gawangan Manual & Chemist,Pemeliharaan Piringan Manual,400.8,,400.8,170166856.09824595,,120533065.0,,,,0.0,,
PT. Buana Karya Bhakti,Satui Timur,2029,TBM 3,Pemeliharaan Piringan Gawangan Manual & Chemist,Pemeliharaan Piringan /Pasar Rintis(Chemist),400.8,,400.8,189660262.81422454,,120533065.0,,,,0.0,,
PT. Buana Karya Bhakti,Satui Timur,2029,TBM 3,Pemeliharaan Piringan Gawangan Manual & Chemist,Pemeliharaan TPH & Pasar Rintis Manual,400.8,,400.8,160104885.65733457,,120533065.0,,,,0.0,,
PT. Buana Karya Bhakti,Satui Timur,2029,TBM 3,Pemeliharaan Piringan Gawangan Manual & Chemist,Pemeliharaan Gawangan Manual,400.8,,400.8,136070664.33576295,,120533065.0,,,,0.0,,
PT. Buana Karya Bhakti,Satui Timur,2029,TBM 3,Pemeliharaan Piringan Gawangan Manual & Chemist,Pemeliharaan Gawangan Chemist,400.8,,400.8,204044441.9374044,,120533065.0,,,,0.0,,
PT. Buana Karya Bhakti,Satui Timur,2029,TBM 3,Pemberantasan Lalang,Wipping,400.8,,400.8,50022312.835391685,,120533065.0,,,,0.0,,
PT. Buana Karya Bhakti,Satui Timur,2029,TBM 3,Pemberantasan Lalang,Transport Air,400.8,,400.8,53557198.267023355,,120533065.0,,,,0.0,,
PT. Buana Karya Bhakti,Satui Timur,2029,TBM 3,Pemeliharaan Pokok,Sanitasi & Kastrasi,400.8,,400.8,68110875.97739027,,120533065.0,,,,0.0,,
PT. Buana Karya Bhakti,Satui Timur,2029,TBM 3,Pemeliharaan Pokok,Penyisipan & Konsolidasi,400.8,,400.8,3395078.5944521925,,120533065.0,,,,0.0,,
PT. Buana Karya Bhakti,Satui Timur,2029,TBM 3,Pemeliharaan Pokok,Survey dan Sensus,400.8,,400.8,27592145.53053552,,120533065.0,,,,0.0,,
PT. Buana Karya Bhakti,Satui Timur,2029,TBM 3,Pemeliharaan Prasarana,Jalan Utama / Jalan Akses,400.8,,400.8,87551360.004123,,120533065.0,,,,0.0,,
PT. Buana Karya Bhakti,Satui Timur,2029,TBM 3,Pemeliharaan Prasarana,Jalan Produksi,400.8,,400.8,211247411.28051415,,120533065.0,,,,0.0,,
PT. Buana Karya Bhakti,Satui Timur,2029,TBM 3,Pemeliharaan Prasarana,Jalan Koleksi,400.8,,400.8,704087621.7979536,,120533065.0,,,,0.0,,
PT. Buana Karya Bhakti,Satui Timur,2029,TBM 3,Pemeliharaan Prasarana,Jalan Pringgan / Ring,400.8,,400.8,394093421.1893406,,120533065.0,,,,0.0,,
PT. Buana Karya Bhakti,Satui Timur,2029,TBM 3,Pemeliharaan Prasarana,Jembatan Permanen,400.8,,400.8,809345918.1258894,,120533065.0,,,,0.0,,
PT. Buana Karya Bhakti,Satui Timur,2029,TBM 3,Pemeliharaan Prasarana,Parit 2x2,400.8,,400.8,260345745.47940442,,120533065.0,,,,0.0,,
PT. Buana Karya Bhakti,Satui Timur,2029,TBM 3,Pemeliharaan Prasarana,Pintu Air,400.8,,400.8,24017308.3392,,120533065.0,,,,0.0,,
PT. Buana Karya Bhakti,Satui Timur,2029,TBM 3,Pengawetan Tanah,Tapak Timbun,400.8,,400.8,309691011.53001213,,120533065.0,,,,0.0,,
PT. Buana Karya Bhakti,Satui Timur,2029,TBM 3,Pengendalian Hama dan Penyakit,Hama Tikus,400.8,,400.8,18770697.71237475,,120533065.0,,,,0.0,,
PT. Buana Karya Bhakti,Satui Timur,2029,TBM 3,Pengendalian Hama dan Penyakit,Hama Ulat Api,400.8,,400.8,21983305.72555788,,120533065.0,,,,0.0,,
PT. Buana Karya Bhakti,Satui Timur,2029,TBM 3,Pengendalian Hama dan Penyakit,Hama (Oryctes),400.8,,400.8,157817057.3087147,,120533065.0,,,,0.0,,
PT. Buana Karya Bhakti,Satui Timur,2029,TBM 3,Pemupukkan Kelapa Sawit,"Pemupukkan NPK 12-12-17-2+0,65B",400.8,,400.8,2104520647.065505,,120533065.0,,,,0.0,,
PT. Buana Karya Bhakti,Satui Timur,2029,TBM 3,Pemupukkan Kelapa Sawit,Pemupukkan Dolomite,400.8,,400.8,252930557.02105916,,120533065.0,,,,0.0,,
PT. Buana Karya Bhakti,Satui Timur,2029,TBM 3,Pemupukkan Kelapa Sawit,Pemupukkan Borate,400.8,,400.8,60770382.36764249,,120533065.0,,,,0.0,,
PT. Buana Karya Bhakti,Satui Timur,2029,TBM 3,Pemupukkan Kelapa Sawit,Janjang Kosong,400.8,,400.8,673033961.4311817,,120533065.0,,,,0.0,,
PT. Buana Karya Bhakti,Satui Timur,2029,TBM 3,Pemupukkan Kelapa Sawit,Pengangkutan Pupuk Intern,400.8,,400.8,36453101.74624958,,120533065.0,,,,0.0,,
PT. Buana Karya Bhakti,Satui Timur,2029,TBM 3,Pemupukkan Kelapa Sawit,Pengangkutan Pupuk Ekstern,400.8,,400.8,14915161.30104,,120533065.0,,,,0.0,,
PT. Buana Karya Bhakti,Satui Timur,2029,TBM 3,Pengawasan dan Administrasi,Pengawasan,400.8,,400.8,183346265.80551025,,120533065.0,,,,0.0,,
PT. Buana Karya Bhakti,Satui Timur,2029,TBM 3,Pengawasan dan Administrasi,Administrasi,400.8,,400.8,49578946.63660656,,120533065.0,,,,0.0,,
